"trial_name","rt","stimulus","response","trial_type","trial_index","plugin_version","time_elapsed","participant_id","participant_id_source","prolific_pid","prolific_study_id","prolific_session_id","counterbalance_list","study_name","consented","confirmed_read_and_understood","success","timeout","failed_images","failed_audio","failed_video","view_history","fact_id","clip_code","item_number","statement_text","truth_code","truth_value","stimulus_set","is_filler","speaker_id","speaker_label","accent_group","audio_path","slider_start","participant_truth_rating_cm","participant_judgment","truth_scale_min_cm","truth_scale_max_cm","truth_scale_left_label","truth_scale_right_label","participant_difficulty_rating_cm","difficulty_scale_min_cm","difficulty_scale_max_cm","difficulty_scale_left_label","difficulty_scale_right_label"
"consent","2048","
    <div class=""study-box"">
      <h1>Consent Form</h1>
      <p>You are invited to take part in a study about how people evaluate spoken information.</p>
      <p>In this study, you will listen to short audio recordings and rate how true you think each statement is on a continuous scale from <strong>definitely false</strong> to <strong>definitely true</strong>.</p>
      <p>Your responses and reaction times will be recorded. You may stop at any time by closing the browser window.</p>
      <p>By clicking <strong>I consent</strong>, you confirm that you are at least 18 years old, that you understand what participation involves, and that you agree to take part.</p>
    </div>
  ","0","html-button-response","0","2.1.0","2059","69f2b5f676aaf78f77d69d16","prolific","69f2b5f676aaf78f77d69d16","6a06508679bbd857881fcea0","6a0657cdf487e157baa5f092","4","accent_credibility_four_speakers","true","","","","","","","","","","","","","","","","","","","","","","","","","","","","","","",""
"study_purpose_notice","10681","
        <div class=""study-box center-text"">
          <h1>IMPORTANT</h1>
          <p><strong>Read carefully.</strong></p>
          <p>
            The experiment is about the effect of the difficulty of understanding speakers'
            speech and how that affects how believable that speaker's statements seem.
          </p>
        </div>
      ","0","html-button-response","2","2.1.0","12748","69f2b5f676aaf78f77d69d16","prolific","69f2b5f676aaf78f77d69d16","6a06508679bbd857881fcea0","6a0657cdf487e157baa5f092","4","accent_credibility_four_speakers","","true","","","","","","","","","","","","","","","","","","","","","","","","","","","","","",""
"","","","","preload","3","2.1.0","13262","69f2b5f676aaf78f77d69d16","prolific","69f2b5f676aaf78f77d69d16","6a06508679bbd857881fcea0","6a0657cdf487e157baa5f092","4","accent_credibility_four_speakers","","","true","false","[]","[]","[]","","","","","","","","","","","","","","","","","","","","","","","","",""
"instructions","46909","","","instructions","4","2.1.0","60172","69f2b5f676aaf78f77d69d16","prolific","69f2b5f676aaf78f77d69d16","6a06508679bbd857881fcea0","6a0657cdf487e157baa5f092","4","accent_credibility_four_speakers","","","","","","","","[{""page_index"":0,""viewing_time"":8068},{""page_index"":1,""viewing_time"":24208},{""page_index"":2,""viewing_time"":8300},{""page_index"":3,""viewing_time"":3556},{""page_index"":4,""viewing_time"":2776}]","","","","","","","","","","","","","","","","","","","","","","","",""
"practice_intro","5591","
        <div class=""study-box center-text"">
          <h2>Listening Practice Trial</h2>
          <p>You are about to complete one listening practice trial.</p>
          <p>Listen to the recording, rate how true the statement seems, and then rate how easy or difficult the speaker was to understand.</p>
          <p>This trial is only for practice.</p>
        </div>
      ","0","html-button-response","10","2.1.0","97864","69f2b5f676aaf78f77d69d16","prolific","69f2b5f676aaf78f77d69d16","6a06508679bbd857881fcea0","6a0657cdf487e157baa5f092","4","accent_credibility_four_speakers","","","","","","","","","","","","","","","","","","","","","","","","","","","","","","","",""
"audio_presentation","null","audio/filler_talker/7brghu4wnv_F19T_audio.webm?v=2026-05-12-native2-refresh","null","audio-keyboard-response","11","2.1.1","102970","69f2b5f676aaf78f77d69d16","prolific","69f2b5f676aaf78f77d69d16","6a06508679bbd857881fcea0","6a0657cdf487e157baa5f092","4","accent_credibility_four_speakers","","","","","","","","","F19","F19T","19","Audio item F19","T","true","practice","true","filler_talker","Filler Talker","filler","audio/filler_talker/7brghu4wnv_F19T_audio.webm?v=2026-05-12-native2-refresh","","","","","","","","","","","",""
"truth_judgment","3316","
    <div class=""study-box center-text truth-scale-trial"">
      <div class=""big-question"">How true do you think the statement you just heard is?</div>
    </div>
  ","7","html-slider-response","12","2.1.0","106292","69f2b5f676aaf78f77d69d16","prolific","69f2b5f676aaf78f77d69d16","6a06508679bbd857881fcea0","6a0657cdf487e157baa5f092","4","accent_credibility_four_speakers","","","","","","","","","F19","F19T","19","Audio item F19","T","true","practice","true","filler_talker","Filler Talker","filler","audio/filler_talker/7brghu4wnv_F19T_audio.webm?v=2026-05-12-native2-refresh","7","7","7","0","14","definitely false","definitely true","","","","",""
"speaker_difficulty_rating","3086","
    <div class=""study-box center-text truth-scale-trial"">
      <div class=""big-question"">How easy or difficult was this speaker to understand?</div>
    </div>
  ","14","html-slider-response","13","2.1.0","109384","69f2b5f676aaf78f77d69d16","prolific","69f2b5f676aaf78f77d69d16","6a06508679bbd857881fcea0","6a0657cdf487e157baa5f092","4","accent_credibility_four_speakers","","","","","","","","","F19","F19T","19","Audio item F19","T","true","practice","true","filler_talker","Filler Talker","filler","audio/filler_talker/7brghu4wnv_F19T_audio.webm?v=2026-05-12-native2-refresh","7","","","","","","","14","0","14","Very easy","Very difficult"
"practice_complete","1300","
        <div class=""study-box center-text"">
          <h2>Practice Complete</h2>
          <p>You have finished the practice trial.</p>
          <p>The actual experiment will begin next.</p>
        </div>
      ","0","html-button-response","14","2.1.0","110688","69f2b5f676aaf78f77d69d16","prolific","69f2b5f676aaf78f77d69d16","6a06508679bbd857881fcea0","6a0657cdf487e157baa5f092","4","accent_credibility_four_speakers","","","","","","","","","","","","","","","","","","","","","","","","","","","","","","","",""
"audio_presentation","null","audio/non_native_2/2j7bwre4ol_25F_audio.webm?v=2026-05-12-native2-refresh","null","audio-keyboard-response","15","2.1.1","113881","69f2b5f676aaf78f77d69d16","prolific","69f2b5f676aaf78f77d69d16","6a06508679bbd857881fcea0","6a0657cdf487e157baa5f092","4","accent_credibility_four_speakers","","","","","","","","","25","25F","25","Audio item 25","F","false","main","false","non_native_2","Non-native Speaker 2","non_native","audio/non_native_2/2j7bwre4ol_25F_audio.webm?v=2026-05-12-native2-refresh","","","","","","","","","","","",""
"truth_judgment","3766","
    <div class=""study-box center-text truth-scale-trial"">
      <div class=""big-question"">How true do you think the statement you just heard is?</div>
    </div>
  ","0","html-slider-response","16","2.1.0","117652","69f2b5f676aaf78f77d69d16","prolific","69f2b5f676aaf78f77d69d16","6a06508679bbd857881fcea0","6a0657cdf487e157baa5f092","4","accent_credibility_four_speakers","","","","","","","","","25","25F","25","Audio item 25","F","false","main","false","non_native_2","Non-native Speaker 2","non_native","audio/non_native_2/2j7bwre4ol_25F_audio.webm?v=2026-05-12-native2-refresh","7","0","0","0","14","definitely false","definitely true","","","","",""
"speaker_difficulty_rating","3131","
    <div class=""study-box center-text truth-scale-trial"">
      <div class=""big-question"">How easy or difficult was this speaker to understand?</div>
    </div>
  ","12","html-slider-response","17","2.1.0","120787","69f2b5f676aaf78f77d69d16","prolific","69f2b5f676aaf78f77d69d16","6a06508679bbd857881fcea0","6a0657cdf487e157baa5f092","4","accent_credibility_four_speakers","","","","","","","","","25","25F","25","Audio item 25","F","false","main","false","non_native_2","Non-native Speaker 2","non_native","audio/non_native_2/2j7bwre4ol_25F_audio.webm?v=2026-05-12-native2-refresh","7","","","","","","","12","0","14","Very easy","Very difficult"
"audio_presentation","null","audio/filler_talker/7brghu4wnv_F10F_audio.webm?v=2026-05-12-native2-refresh","null","audio-keyboard-response","18","2.1.1","125230","69f2b5f676aaf78f77d69d16","prolific","69f2b5f676aaf78f77d69d16","6a06508679bbd857881fcea0","6a0657cdf487e157baa5f092","4","accent_credibility_four_speakers","","","","","","","","","F10","F10F","10","Audio item F10","F","false","filler","true","filler_talker","Filler Talker","filler","audio/filler_talker/7brghu4wnv_F10F_audio.webm?v=2026-05-12-native2-refresh","","","","","","","","","","","",""
"truth_judgment","3622","
    <div class=""study-box center-text truth-scale-trial"">
      <div class=""big-question"">How true do you think the statement you just heard is?</div>
    </div>
  ","0","html-slider-response","19","2.1.0","128856","69f2b5f676aaf78f77d69d16","prolific","69f2b5f676aaf78f77d69d16","6a06508679bbd857881fcea0","6a0657cdf487e157baa5f092","4","accent_credibility_four_speakers","","","","","","","","","F10","F10F","10","Audio item F10","F","false","filler","true","filler_talker","Filler Talker","filler","audio/filler_talker/7brghu4wnv_F10F_audio.webm?v=2026-05-12-native2-refresh","7","0","0","0","14","definitely false","definitely true","","","","",""
"speaker_difficulty_rating","2243","
    <div class=""study-box center-text truth-scale-trial"">
      <div class=""big-question"">How easy or difficult was this speaker to understand?</div>
    </div>
  ","14","html-slider-response","20","2.1.0","131104","69f2b5f676aaf78f77d69d16","prolific","69f2b5f676aaf78f77d69d16","6a06508679bbd857881fcea0","6a0657cdf487e157baa5f092","4","accent_credibility_four_speakers","","","","","","","","","F10","F10F","10","Audio item F10","F","false","filler","true","filler_talker","Filler Talker","filler","audio/filler_talker/7brghu4wnv_F10F_audio.webm?v=2026-05-12-native2-refresh","7","","","","","","","14","0","14","Very easy","Very difficult"
"audio_presentation","null","audio/native_1/ha77v84840_22F_audio.webm?v=2026-05-12-native2-refresh","null","audio-keyboard-response","21","2.1.1","136036","69f2b5f676aaf78f77d69d16","prolific","69f2b5f676aaf78f77d69d16","6a06508679bbd857881fcea0","6a0657cdf487e157baa5f092","4","accent_credibility_four_speakers","","","","","","","","","22","22F","22","Audio item 22","F","false","main","false","native_1","Native Speaker 1","native","audio/native_1/ha77v84840_22F_audio.webm?v=2026-05-12-native2-refresh","","","","","","","","","","","",""
"truth_judgment","2579","
    <div class=""study-box center-text truth-scale-trial"">
      <div class=""big-question"">How true do you think the statement you just heard is?</div>
    </div>
  ","12","html-slider-response","22","2.1.0","138619","69f2b5f676aaf78f77d69d16","prolific","69f2b5f676aaf78f77d69d16","6a06508679bbd857881fcea0","6a0657cdf487e157baa5f092","4","accent_credibility_four_speakers","","","","","","","","","22","22F","22","Audio item 22","F","false","main","false","native_1","Native Speaker 1","native","audio/native_1/ha77v84840_22F_audio.webm?v=2026-05-12-native2-refresh","7","12","12","0","14","definitely false","definitely true","","","","",""
"speaker_difficulty_rating","3281","
    <div class=""study-box center-text truth-scale-trial"">
      <div class=""big-question"">How easy or difficult was this speaker to understand?</div>
    </div>
  ","14","html-slider-response","23","2.1.0","141904","69f2b5f676aaf78f77d69d16","prolific","69f2b5f676aaf78f77d69d16","6a06508679bbd857881fcea0","6a0657cdf487e157baa5f092","4","accent_credibility_four_speakers","","","","","","","","","22","22F","22","Audio item 22","F","false","main","false","native_1","Native Speaker 1","native","audio/native_1/ha77v84840_22F_audio.webm?v=2026-05-12-native2-refresh","7","","","","","","","14","0","14","Very easy","Very difficult"
"audio_presentation","null","audio/non_native_1/6bqg3s4g4q_32T_audio.webm?v=2026-05-12-native2-refresh","null","audio-keyboard-response","24","2.1.1","145987","69f2b5f676aaf78f77d69d16","prolific","69f2b5f676aaf78f77d69d16","6a06508679bbd857881fcea0","6a0657cdf487e157baa5f092","4","accent_credibility_four_speakers","","","","","","","","","32","32T","32","Audio item 32","T","true","main","false","non_native_1","Non-native Speaker 1","non_native","audio/non_native_1/6bqg3s4g4q_32T_audio.webm?v=2026-05-12-native2-refresh","","","","","","","","","","","",""
"truth_judgment","2597","
    <div class=""study-box center-text truth-scale-trial"">
      <div class=""big-question"">How true do you think the statement you just heard is?</div>
    </div>
  ","6","html-slider-response","25","2.1.0","148589","69f2b5f676aaf78f77d69d16","prolific","69f2b5f676aaf78f77d69d16","6a06508679bbd857881fcea0","6a0657cdf487e157baa5f092","4","accent_credibility_four_speakers","","","","","","","","","32","32T","32","Audio item 32","T","true","main","false","non_native_1","Non-native Speaker 1","non_native","audio/non_native_1/6bqg3s4g4q_32T_audio.webm?v=2026-05-12-native2-refresh","7","6","6","0","14","definitely false","definitely true","","","","",""
"speaker_difficulty_rating","3923","
    <div class=""study-box center-text truth-scale-trial"">
      <div class=""big-question"">How easy or difficult was this speaker to understand?</div>
    </div>
  ","11","html-slider-response","26","2.1.0","152516","69f2b5f676aaf78f77d69d16","prolific","69f2b5f676aaf78f77d69d16","6a06508679bbd857881fcea0","6a0657cdf487e157baa5f092","4","accent_credibility_four_speakers","","","","","","","","","32","32T","32","Audio item 32","T","true","main","false","non_native_1","Non-native Speaker 1","non_native","audio/non_native_1/6bqg3s4g4q_32T_audio.webm?v=2026-05-12-native2-refresh","7","","","","","","","11","0","14","Very easy","Very difficult"
"audio_presentation","null","audio/native_2/6nhu1nbwba_11F_audio.webm?v=2026-05-12-native2-refresh","null","audio-keyboard-response","27","2.1.1","158701","69f2b5f676aaf78f77d69d16","prolific","69f2b5f676aaf78f77d69d16","6a06508679bbd857881fcea0","6a0657cdf487e157baa5f092","4","accent_credibility_four_speakers","","","","","","","","","11","11F","11","Audio item 11","F","false","main","false","native_2","Native Speaker 2","native","audio/native_2/6nhu1nbwba_11F_audio.webm?v=2026-05-12-native2-refresh","","","","","","","","","","","",""
"truth_judgment","4745","
    <div class=""study-box center-text truth-scale-trial"">
      <div class=""big-question"">How true do you think the statement you just heard is?</div>
    </div>
  ","12","html-slider-response","28","2.1.0","163449","69f2b5f676aaf78f77d69d16","prolific","69f2b5f676aaf78f77d69d16","6a06508679bbd857881fcea0","6a0657cdf487e157baa5f092","4","accent_credibility_four_speakers","","","","","","","","","11","11F","11","Audio item 11","F","false","main","false","native_2","Native Speaker 2","native","audio/native_2/6nhu1nbwba_11F_audio.webm?v=2026-05-12-native2-refresh","7","12","12","0","14","definitely false","definitely true","","","","",""
"speaker_difficulty_rating","2582","
    <div class=""study-box center-text truth-scale-trial"">
      <div class=""big-question"">How easy or difficult was this speaker to understand?</div>
    </div>
  ","14","html-slider-response","29","2.1.0","166036","69f2b5f676aaf78f77d69d16","prolific","69f2b5f676aaf78f77d69d16","6a06508679bbd857881fcea0","6a0657cdf487e157baa5f092","4","accent_credibility_four_speakers","","","","","","","","","11","11F","11","Audio item 11","F","false","main","false","native_2","Native Speaker 2","native","audio/native_2/6nhu1nbwba_11F_audio.webm?v=2026-05-12-native2-refresh","7","","","","","","","14","0","14","Very easy","Very difficult"
"audio_presentation","null","audio/native_1/ha77v84840_38F_audio.webm?v=2026-05-12-native2-refresh","null","audio-keyboard-response","30","2.1.1","170414","69f2b5f676aaf78f77d69d16","prolific","69f2b5f676aaf78f77d69d16","6a06508679bbd857881fcea0","6a0657cdf487e157baa5f092","4","accent_credibility_four_speakers","","","","","","","","","38","38F","38","Audio item 38","F","false","main","false","native_1","Native Speaker 1","native","audio/native_1/ha77v84840_38F_audio.webm?v=2026-05-12-native2-refresh","","","","","","","","","","","",""
"truth_judgment","4150","
    <div class=""study-box center-text truth-scale-trial"">
      <div class=""big-question"">How true do you think the statement you just heard is?</div>
    </div>
  ","14","html-slider-response","31","2.1.0","174567","69f2b5f676aaf78f77d69d16","prolific","69f2b5f676aaf78f77d69d16","6a06508679bbd857881fcea0","6a0657cdf487e157baa5f092","4","accent_credibility_four_speakers","","","","","","","","","38","38F","38","Audio item 38","F","false","main","false","native_1","Native Speaker 1","native","audio/native_1/ha77v84840_38F_audio.webm?v=2026-05-12-native2-refresh","7","14","14","0","14","definitely false","definitely true","","","","",""
"speaker_difficulty_rating","2248","
    <div class=""study-box center-text truth-scale-trial"">
      <div class=""big-question"">How easy or difficult was this speaker to understand?</div>
    </div>
  ","14","html-slider-response","32","2.1.0","176820","69f2b5f676aaf78f77d69d16","prolific","69f2b5f676aaf78f77d69d16","6a06508679bbd857881fcea0","6a0657cdf487e157baa5f092","4","accent_credibility_four_speakers","","","","","","","","","38","38F","38","Audio item 38","F","false","main","false","native_1","Native Speaker 1","native","audio/native_1/ha77v84840_38F_audio.webm?v=2026-05-12-native2-refresh","7","","","","","","","14","0","14","Very easy","Very difficult"
"audio_presentation","null","audio/filler_talker/7brghu4wnv_F13T_audio.webm?v=2026-05-12-native2-refresh","null","audio-keyboard-response","33","2.1.1","180237","69f2b5f676aaf78f77d69d16","prolific","69f2b5f676aaf78f77d69d16","6a06508679bbd857881fcea0","6a0657cdf487e157baa5f092","4","accent_credibility_four_speakers","","","","","","","","","F13","F13T","13","Audio item F13","T","true","filler","true","filler_talker","Filler Talker","filler","audio/filler_talker/7brghu4wnv_F13T_audio.webm?v=2026-05-12-native2-refresh","","","","","","","","","","","",""
"truth_judgment","2326","
    <div class=""study-box center-text truth-scale-trial"">
      <div class=""big-question"">How true do you think the statement you just heard is?</div>
    </div>
  ","7","html-slider-response","34","2.1.0","182567","69f2b5f676aaf78f77d69d16","prolific","69f2b5f676aaf78f77d69d16","6a06508679bbd857881fcea0","6a0657cdf487e157baa5f092","4","accent_credibility_four_speakers","","","","","","","","","F13","F13T","13","Audio item F13","T","true","filler","true","filler_talker","Filler Talker","filler","audio/filler_talker/7brghu4wnv_F13T_audio.webm?v=2026-05-12-native2-refresh","7","7","7","0","14","definitely false","definitely true","","","","",""
"speaker_difficulty_rating","2213","
    <div class=""study-box center-text truth-scale-trial"">
      <div class=""big-question"">How easy or difficult was this speaker to understand?</div>
    </div>
  ","9","html-slider-response","35","2.1.0","184784","69f2b5f676aaf78f77d69d16","prolific","69f2b5f676aaf78f77d69d16","6a06508679bbd857881fcea0","6a0657cdf487e157baa5f092","4","accent_credibility_four_speakers","","","","","","","","","F13","F13T","13","Audio item F13","T","true","filler","true","filler_talker","Filler Talker","filler","audio/filler_talker/7brghu4wnv_F13T_audio.webm?v=2026-05-12-native2-refresh","7","","","","","","","9","0","14","Very easy","Very difficult"
"audio_presentation","null","audio/non_native_2/2j7bwre4ol_37F_audio.webm?v=2026-05-12-native2-refresh","null","audio-keyboard-response","36","2.1.1","188686","69f2b5f676aaf78f77d69d16","prolific","69f2b5f676aaf78f77d69d16","6a06508679bbd857881fcea0","6a0657cdf487e157baa5f092","4","accent_credibility_four_speakers","","","","","","","","","37","37F","37","Audio item 37","F","false","main","false","non_native_2","Non-native Speaker 2","non_native","audio/non_native_2/2j7bwre4ol_37F_audio.webm?v=2026-05-12-native2-refresh","","","","","","","","","","","",""
"truth_judgment","1833","
    <div class=""study-box center-text truth-scale-trial"">
      <div class=""big-question"">How true do you think the statement you just heard is?</div>
    </div>
  ","14","html-slider-response","37","2.1.0","190523","69f2b5f676aaf78f77d69d16","prolific","69f2b5f676aaf78f77d69d16","6a06508679bbd857881fcea0","6a0657cdf487e157baa5f092","4","accent_credibility_four_speakers","","","","","","","","","37","37F","37","Audio item 37","F","false","main","false","non_native_2","Non-native Speaker 2","non_native","audio/non_native_2/2j7bwre4ol_37F_audio.webm?v=2026-05-12-native2-refresh","7","14","14","0","14","definitely false","definitely true","","","","",""
"speaker_difficulty_rating","2044","
    <div class=""study-box center-text truth-scale-trial"">
      <div class=""big-question"">How easy or difficult was this speaker to understand?</div>
    </div>
  ","14","html-slider-response","38","2.1.0","192571","69f2b5f676aaf78f77d69d16","prolific","69f2b5f676aaf78f77d69d16","6a06508679bbd857881fcea0","6a0657cdf487e157baa5f092","4","accent_credibility_four_speakers","","","","","","","","","37","37F","37","Audio item 37","F","false","main","false","non_native_2","Non-native Speaker 2","non_native","audio/non_native_2/2j7bwre4ol_37F_audio.webm?v=2026-05-12-native2-refresh","7","","","","","","","14","0","14","Very easy","Very difficult"
"audio_presentation","null","audio/native_1/ha77v84840_14F_audio.webm?v=2026-05-12-native2-refresh","null","audio-keyboard-response","39","2.1.1","199768","69f2b5f676aaf78f77d69d16","prolific","69f2b5f676aaf78f77d69d16","6a06508679bbd857881fcea0","6a0657cdf487e157baa5f092","4","accent_credibility_four_speakers","","","","","","","","","14","14F","14","Audio item 14","F","false","main","false","native_1","Native Speaker 1","native","audio/native_1/ha77v84840_14F_audio.webm?v=2026-05-12-native2-refresh","","","","","","","","","","","",""
"truth_judgment","1908","
    <div class=""study-box center-text truth-scale-trial"">
      <div class=""big-question"">How true do you think the statement you just heard is?</div>
    </div>
  ","0","html-slider-response","40","2.1.0","201680","69f2b5f676aaf78f77d69d16","prolific","69f2b5f676aaf78f77d69d16","6a06508679bbd857881fcea0","6a0657cdf487e157baa5f092","4","accent_credibility_four_speakers","","","","","","","","","14","14F","14","Audio item 14","F","false","main","false","native_1","Native Speaker 1","native","audio/native_1/ha77v84840_14F_audio.webm?v=2026-05-12-native2-refresh","7","0","0","0","14","definitely false","definitely true","","","","",""
"speaker_difficulty_rating","2326","
    <div class=""study-box center-text truth-scale-trial"">
      <div class=""big-question"">How easy or difficult was this speaker to understand?</div>
    </div>
  ","14","html-slider-response","41","2.1.0","204010","69f2b5f676aaf78f77d69d16","prolific","69f2b5f676aaf78f77d69d16","6a06508679bbd857881fcea0","6a0657cdf487e157baa5f092","4","accent_credibility_four_speakers","","","","","","","","","14","14F","14","Audio item 14","F","false","main","false","native_1","Native Speaker 1","native","audio/native_1/ha77v84840_14F_audio.webm?v=2026-05-12-native2-refresh","7","","","","","","","14","0","14","Very easy","Very difficult"
"audio_presentation","null","audio/filler_talker/7brghu4wnv_F6F_audio.webm?v=2026-05-12-native2-refresh","null","audio-keyboard-response","42","2.1.1","209422","69f2b5f676aaf78f77d69d16","prolific","69f2b5f676aaf78f77d69d16","6a06508679bbd857881fcea0","6a0657cdf487e157baa5f092","4","accent_credibility_four_speakers","","","","","","","","","F6","F6F","6","Audio item F6","F","false","filler","true","filler_talker","Filler Talker","filler","audio/filler_talker/7brghu4wnv_F6F_audio.webm?v=2026-05-12-native2-refresh","","","","","","","","","","","",""
"truth_judgment","3009","
    <div class=""study-box center-text truth-scale-trial"">
      <div class=""big-question"">How true do you think the statement you just heard is?</div>
    </div>
  ","5","html-slider-response","43","2.1.0","212435","69f2b5f676aaf78f77d69d16","prolific","69f2b5f676aaf78f77d69d16","6a06508679bbd857881fcea0","6a0657cdf487e157baa5f092","4","accent_credibility_four_speakers","","","","","","","","","F6","F6F","6","Audio item F6","F","false","filler","true","filler_talker","Filler Talker","filler","audio/filler_talker/7brghu4wnv_F6F_audio.webm?v=2026-05-12-native2-refresh","7","5","5","0","14","definitely false","definitely true","","","","",""
"speaker_difficulty_rating","3116","
    <div class=""study-box center-text truth-scale-trial"">
      <div class=""big-question"">How easy or difficult was this speaker to understand?</div>
    </div>
  ","14","html-slider-response","44","2.1.0","215556","69f2b5f676aaf78f77d69d16","prolific","69f2b5f676aaf78f77d69d16","6a06508679bbd857881fcea0","6a0657cdf487e157baa5f092","4","accent_credibility_four_speakers","","","","","","","","","F6","F6F","6","Audio item F6","F","false","filler","true","filler_talker","Filler Talker","filler","audio/filler_talker/7brghu4wnv_F6F_audio.webm?v=2026-05-12-native2-refresh","7","","","","","","","14","0","14","Very easy","Very difficult"
"audio_presentation","null","audio/non_native_1/6bqg3s4g4q_20T_audio.webm?v=2026-05-12-native2-refresh","null","audio-keyboard-response","45","2.1.1","221262","69f2b5f676aaf78f77d69d16","prolific","69f2b5f676aaf78f77d69d16","6a06508679bbd857881fcea0","6a0657cdf487e157baa5f092","4","accent_credibility_four_speakers","","","","","","","","","20","20T","20","Audio item 20","T","true","main","false","non_native_1","Non-native Speaker 1","non_native","audio/non_native_1/6bqg3s4g4q_20T_audio.webm?v=2026-05-12-native2-refresh","","","","","","","","","","","",""
"truth_judgment","9350","
    <div class=""study-box center-text truth-scale-trial"">
      <div class=""big-question"">How true do you think the statement you just heard is?</div>
    </div>
  ","5","html-slider-response","46","2.1.0","230616","69f2b5f676aaf78f77d69d16","prolific","69f2b5f676aaf78f77d69d16","6a06508679bbd857881fcea0","6a0657cdf487e157baa5f092","4","accent_credibility_four_speakers","","","","","","","","","20","20T","20","Audio item 20","T","true","main","false","non_native_1","Non-native Speaker 1","non_native","audio/non_native_1/6bqg3s4g4q_20T_audio.webm?v=2026-05-12-native2-refresh","7","5","5","0","14","definitely false","definitely true","","","","",""
"speaker_difficulty_rating","3931","
    <div class=""study-box center-text truth-scale-trial"">
      <div class=""big-question"">How easy or difficult was this speaker to understand?</div>
    </div>
  ","8","html-slider-response","47","2.1.0","234552","69f2b5f676aaf78f77d69d16","prolific","69f2b5f676aaf78f77d69d16","6a06508679bbd857881fcea0","6a0657cdf487e157baa5f092","4","accent_credibility_four_speakers","","","","","","","","","20","20T","20","Audio item 20","T","true","main","false","non_native_1","Non-native Speaker 1","non_native","audio/non_native_1/6bqg3s4g4q_20T_audio.webm?v=2026-05-12-native2-refresh","7","","","","","","","8","0","14","Very easy","Very difficult"
"audio_presentation","null","audio/filler_talker/7brghu4wnv_F12T_audio.webm?v=2026-05-12-native2-refresh","null","audio-keyboard-response","48","2.1.1","239235","69f2b5f676aaf78f77d69d16","prolific","69f2b5f676aaf78f77d69d16","6a06508679bbd857881fcea0","6a0657cdf487e157baa5f092","4","accent_credibility_four_speakers","","","","","","","","","F12","F12T","12","Audio item F12","T","true","filler","true","filler_talker","Filler Talker","filler","audio/filler_talker/7brghu4wnv_F12T_audio.webm?v=2026-05-12-native2-refresh","","","","","","","","","","","",""
"truth_judgment","2672","
    <div class=""study-box center-text truth-scale-trial"">
      <div class=""big-question"">How true do you think the statement you just heard is?</div>
    </div>
  ","3","html-slider-response","49","2.1.0","241912","69f2b5f676aaf78f77d69d16","prolific","69f2b5f676aaf78f77d69d16","6a06508679bbd857881fcea0","6a0657cdf487e157baa5f092","4","accent_credibility_four_speakers","","","","","","","","","F12","F12T","12","Audio item F12","T","true","filler","true","filler_talker","Filler Talker","filler","audio/filler_talker/7brghu4wnv_F12T_audio.webm?v=2026-05-12-native2-refresh","7","3","3","0","14","definitely false","definitely true","","","","",""
"speaker_difficulty_rating","2615","
    <div class=""study-box center-text truth-scale-trial"">
      <div class=""big-question"">How easy or difficult was this speaker to understand?</div>
    </div>
  ","14","html-slider-response","50","2.1.0","244531","69f2b5f676aaf78f77d69d16","prolific","69f2b5f676aaf78f77d69d16","6a06508679bbd857881fcea0","6a0657cdf487e157baa5f092","4","accent_credibility_four_speakers","","","","","","","","","F12","F12T","12","Audio item F12","T","true","filler","true","filler_talker","Filler Talker","filler","audio/filler_talker/7brghu4wnv_F12T_audio.webm?v=2026-05-12-native2-refresh","7","","","","","","","14","0","14","Very easy","Very difficult"
"audio_presentation","null","audio/native_1/ha77v84840_34T_audio.webm?v=2026-05-12-native2-refresh","null","audio-keyboard-response","51","2.1.1","248494","69f2b5f676aaf78f77d69d16","prolific","69f2b5f676aaf78f77d69d16","6a06508679bbd857881fcea0","6a0657cdf487e157baa5f092","4","accent_credibility_four_speakers","","","","","","","","","34","34T","34","Audio item 34","T","true","main","false","native_1","Native Speaker 1","native","audio/native_1/ha77v84840_34T_audio.webm?v=2026-05-12-native2-refresh","","","","","","","","","","","",""
"truth_judgment","2102","
    <div class=""study-box center-text truth-scale-trial"">
      <div class=""big-question"">How true do you think the statement you just heard is?</div>
    </div>
  ","0","html-slider-response","52","2.1.0","250600","69f2b5f676aaf78f77d69d16","prolific","69f2b5f676aaf78f77d69d16","6a06508679bbd857881fcea0","6a0657cdf487e157baa5f092","4","accent_credibility_four_speakers","","","","","","","","","34","34T","34","Audio item 34","T","true","main","false","native_1","Native Speaker 1","native","audio/native_1/ha77v84840_34T_audio.webm?v=2026-05-12-native2-refresh","7","0","0","0","14","definitely false","definitely true","","","","",""
"speaker_difficulty_rating","2107","
    <div class=""study-box center-text truth-scale-trial"">
      <div class=""big-question"">How easy or difficult was this speaker to understand?</div>
    </div>
  ","14","html-slider-response","53","2.1.0","252711","69f2b5f676aaf78f77d69d16","prolific","69f2b5f676aaf78f77d69d16","6a06508679bbd857881fcea0","6a0657cdf487e157baa5f092","4","accent_credibility_four_speakers","","","","","","","","","34","34T","34","Audio item 34","T","true","main","false","native_1","Native Speaker 1","native","audio/native_1/ha77v84840_34T_audio.webm?v=2026-05-12-native2-refresh","7","","","","","","","14","0","14","Very easy","Very difficult"
"audio_presentation","null","audio/native_1/ha77v84840_18F_audio.webm?v=2026-05-12-native2-refresh","null","audio-keyboard-response","54","2.1.1","257209","69f2b5f676aaf78f77d69d16","prolific","69f2b5f676aaf78f77d69d16","6a06508679bbd857881fcea0","6a0657cdf487e157baa5f092","4","accent_credibility_four_speakers","","","","","","","","","18","18F","18","Audio item 18","F","false","main","false","native_1","Native Speaker 1","native","audio/native_1/ha77v84840_18F_audio.webm?v=2026-05-12-native2-refresh","","","","","","","","","","","",""
"truth_judgment","2983","
    <div class=""study-box center-text truth-scale-trial"">
      <div class=""big-question"">How true do you think the statement you just heard is?</div>
    </div>
  ","0","html-slider-response","55","2.1.0","260197","69f2b5f676aaf78f77d69d16","prolific","69f2b5f676aaf78f77d69d16","6a06508679bbd857881fcea0","6a0657cdf487e157baa5f092","4","accent_credibility_four_speakers","","","","","","","","","18","18F","18","Audio item 18","F","false","main","false","native_1","Native Speaker 1","native","audio/native_1/ha77v84840_18F_audio.webm?v=2026-05-12-native2-refresh","7","0","0","0","14","definitely false","definitely true","","","","",""
"speaker_difficulty_rating","2830","
    <div class=""study-box center-text truth-scale-trial"">
      <div class=""big-question"">How easy or difficult was this speaker to understand?</div>
    </div>
  ","14","html-slider-response","56","2.1.0","263032","69f2b5f676aaf78f77d69d16","prolific","69f2b5f676aaf78f77d69d16","6a06508679bbd857881fcea0","6a0657cdf487e157baa5f092","4","accent_credibility_four_speakers","","","","","","","","","18","18F","18","Audio item 18","F","false","main","false","native_1","Native Speaker 1","native","audio/native_1/ha77v84840_18F_audio.webm?v=2026-05-12-native2-refresh","7","","","","","","","14","0","14","Very easy","Very difficult"
"audio_presentation","null","audio/non_native_1/6bqg3s4g4q_12T_audio.webm?v=2026-05-12-native2-refresh","null","audio-keyboard-response","57","2.1.1","267779","69f2b5f676aaf78f77d69d16","prolific","69f2b5f676aaf78f77d69d16","6a06508679bbd857881fcea0","6a0657cdf487e157baa5f092","4","accent_credibility_four_speakers","","","","","","","","","12","12T","12","Audio item 12","T","true","main","false","non_native_1","Non-native Speaker 1","non_native","audio/non_native_1/6bqg3s4g4q_12T_audio.webm?v=2026-05-12-native2-refresh","","","","","","","","","","","",""
"truth_judgment","2085","
    <div class=""study-box center-text truth-scale-trial"">
      <div class=""big-question"">How true do you think the statement you just heard is?</div>
    </div>
  ","0","html-slider-response","58","2.1.0","269868","69f2b5f676aaf78f77d69d16","prolific","69f2b5f676aaf78f77d69d16","6a06508679bbd857881fcea0","6a0657cdf487e157baa5f092","4","accent_credibility_four_speakers","","","","","","","","","12","12T","12","Audio item 12","T","true","main","false","non_native_1","Non-native Speaker 1","non_native","audio/non_native_1/6bqg3s4g4q_12T_audio.webm?v=2026-05-12-native2-refresh","7","0","0","0","14","definitely false","definitely true","","","","",""
"speaker_difficulty_rating","4503","
    <div class=""study-box center-text truth-scale-trial"">
      <div class=""big-question"">How easy or difficult was this speaker to understand?</div>
    </div>
  ","0","html-slider-response","59","2.1.0","274375","69f2b5f676aaf78f77d69d16","prolific","69f2b5f676aaf78f77d69d16","6a06508679bbd857881fcea0","6a0657cdf487e157baa5f092","4","accent_credibility_four_speakers","","","","","","","","","12","12T","12","Audio item 12","T","true","main","false","non_native_1","Non-native Speaker 1","non_native","audio/non_native_1/6bqg3s4g4q_12T_audio.webm?v=2026-05-12-native2-refresh","7","","","","","","","0","0","14","Very easy","Very difficult"
"audio_presentation","null","audio/non_native_2/2j7bwre4ol_1F_audio.webm?v=2026-05-12-native2-refresh","null","audio-keyboard-response","60","2.1.1","279715","69f2b5f676aaf78f77d69d16","prolific","69f2b5f676aaf78f77d69d16","6a06508679bbd857881fcea0","6a0657cdf487e157baa5f092","4","accent_credibility_four_speakers","","","","","","","","","1","1F","1","Audio item 1","F","false","main","false","non_native_2","Non-native Speaker 2","non_native","audio/non_native_2/2j7bwre4ol_1F_audio.webm?v=2026-05-12-native2-refresh","","","","","","","","","","","",""
"truth_judgment","2733","
    <div class=""study-box center-text truth-scale-trial"">
      <div class=""big-question"">How true do you think the statement you just heard is?</div>
    </div>
  ","0","html-slider-response","61","2.1.0","282454","69f2b5f676aaf78f77d69d16","prolific","69f2b5f676aaf78f77d69d16","6a06508679bbd857881fcea0","6a0657cdf487e157baa5f092","4","accent_credibility_four_speakers","","","","","","","","","1","1F","1","Audio item 1","F","false","main","false","non_native_2","Non-native Speaker 2","non_native","audio/non_native_2/2j7bwre4ol_1F_audio.webm?v=2026-05-12-native2-refresh","7","0","0","0","14","definitely false","definitely true","","","","",""
"speaker_difficulty_rating","2957","
    <div class=""study-box center-text truth-scale-trial"">
      <div class=""big-question"">How easy or difficult was this speaker to understand?</div>
    </div>
  ","1","html-slider-response","62","2.1.0","285415","69f2b5f676aaf78f77d69d16","prolific","69f2b5f676aaf78f77d69d16","6a06508679bbd857881fcea0","6a0657cdf487e157baa5f092","4","accent_credibility_four_speakers","","","","","","","","","1","1F","1","Audio item 1","F","false","main","false","non_native_2","Non-native Speaker 2","non_native","audio/non_native_2/2j7bwre4ol_1F_audio.webm?v=2026-05-12-native2-refresh","7","","","","","","","1","0","14","Very easy","Very difficult"
"audio_presentation","null","audio/non_native_2/2j7bwre4ol_9T_audio.webm?v=2026-05-12-native2-refresh","null","audio-keyboard-response","63","2.1.1","289795","69f2b5f676aaf78f77d69d16","prolific","69f2b5f676aaf78f77d69d16","6a06508679bbd857881fcea0","6a0657cdf487e157baa5f092","4","accent_credibility_four_speakers","","","","","","","","","9","9T","9","Audio item 9","T","true","main","false","non_native_2","Non-native Speaker 2","non_native","audio/non_native_2/2j7bwre4ol_9T_audio.webm?v=2026-05-12-native2-refresh","","","","","","","","","","","",""
"truth_judgment","3521","
    <div class=""study-box center-text truth-scale-trial"">
      <div class=""big-question"">How true do you think the statement you just heard is?</div>
    </div>
  ","0","html-slider-response","64","2.1.0","293320","69f2b5f676aaf78f77d69d16","prolific","69f2b5f676aaf78f77d69d16","6a06508679bbd857881fcea0","6a0657cdf487e157baa5f092","4","accent_credibility_four_speakers","","","","","","","","","9","9T","9","Audio item 9","T","true","main","false","non_native_2","Non-native Speaker 2","non_native","audio/non_native_2/2j7bwre4ol_9T_audio.webm?v=2026-05-12-native2-refresh","7","0","0","0","14","definitely false","definitely true","","","","",""
"speaker_difficulty_rating","2904","
    <div class=""study-box center-text truth-scale-trial"">
      <div class=""big-question"">How easy or difficult was this speaker to understand?</div>
    </div>
  ","1","html-slider-response","65","2.1.0","296228","69f2b5f676aaf78f77d69d16","prolific","69f2b5f676aaf78f77d69d16","6a06508679bbd857881fcea0","6a0657cdf487e157baa5f092","4","accent_credibility_four_speakers","","","","","","","","","9","9T","9","Audio item 9","T","true","main","false","non_native_2","Non-native Speaker 2","non_native","audio/non_native_2/2j7bwre4ol_9T_audio.webm?v=2026-05-12-native2-refresh","7","","","","","","","1","0","14","Very easy","Very difficult"
"audio_presentation","null","audio/native_1/ha77v84840_42T_audio.webm?v=2026-05-12-native2-refresh","null","audio-keyboard-response","66","2.1.1","301870","69f2b5f676aaf78f77d69d16","prolific","69f2b5f676aaf78f77d69d16","6a06508679bbd857881fcea0","6a0657cdf487e157baa5f092","4","accent_credibility_four_speakers","","","","","","","","","42","42T","42","Audio item 42","T","true","main","false","native_1","Native Speaker 1","native","audio/native_1/ha77v84840_42T_audio.webm?v=2026-05-12-native2-refresh","","","","","","","","","","","",""
"truth_judgment","4510","
    <div class=""study-box center-text truth-scale-trial"">
      <div class=""big-question"">How true do you think the statement you just heard is?</div>
    </div>
  ","14","html-slider-response","67","2.1.0","306384","69f2b5f676aaf78f77d69d16","prolific","69f2b5f676aaf78f77d69d16","6a06508679bbd857881fcea0","6a0657cdf487e157baa5f092","4","accent_credibility_four_speakers","","","","","","","","","42","42T","42","Audio item 42","T","true","main","false","native_1","Native Speaker 1","native","audio/native_1/ha77v84840_42T_audio.webm?v=2026-05-12-native2-refresh","7","14","14","0","14","definitely false","definitely true","","","","",""
"speaker_difficulty_rating","2443","
    <div class=""study-box center-text truth-scale-trial"">
      <div class=""big-question"">How easy or difficult was this speaker to understand?</div>
    </div>
  ","0","html-slider-response","68","2.1.0","308831","69f2b5f676aaf78f77d69d16","prolific","69f2b5f676aaf78f77d69d16","6a06508679bbd857881fcea0","6a0657cdf487e157baa5f092","4","accent_credibility_four_speakers","","","","","","","","","42","42T","42","Audio item 42","T","true","main","false","native_1","Native Speaker 1","native","audio/native_1/ha77v84840_42T_audio.webm?v=2026-05-12-native2-refresh","7","","","","","","","0","0","14","Very easy","Very difficult"
"audio_presentation","null","audio/native_2/6nhu1nbwba_43T_audio.webm?v=2026-05-12-native2-refresh","null","audio-keyboard-response","69","2.1.1","313934","69f2b5f676aaf78f77d69d16","prolific","69f2b5f676aaf78f77d69d16","6a06508679bbd857881fcea0","6a0657cdf487e157baa5f092","4","accent_credibility_four_speakers","","","","","","","","","43","43T","43","Audio item 43","T","true","main","false","native_2","Native Speaker 2","native","audio/native_2/6nhu1nbwba_43T_audio.webm?v=2026-05-12-native2-refresh","","","","","","","","","","","",""
"truth_judgment","1810","
    <div class=""study-box center-text truth-scale-trial"">
      <div class=""big-question"">How true do you think the statement you just heard is?</div>
    </div>
  ","0","html-slider-response","70","2.1.0","315748","69f2b5f676aaf78f77d69d16","prolific","69f2b5f676aaf78f77d69d16","6a06508679bbd857881fcea0","6a0657cdf487e157baa5f092","4","accent_credibility_four_speakers","","","","","","","","","43","43T","43","Audio item 43","T","true","main","false","native_2","Native Speaker 2","native","audio/native_2/6nhu1nbwba_43T_audio.webm?v=2026-05-12-native2-refresh","7","0","0","0","14","definitely false","definitely true","","","","",""
"speaker_difficulty_rating","2199","
    <div class=""study-box center-text truth-scale-trial"">
      <div class=""big-question"">How easy or difficult was this speaker to understand?</div>
    </div>
  ","0","html-slider-response","71","2.1.0","317951","69f2b5f676aaf78f77d69d16","prolific","69f2b5f676aaf78f77d69d16","6a06508679bbd857881fcea0","6a0657cdf487e157baa5f092","4","accent_credibility_four_speakers","","","","","","","","","43","43T","43","Audio item 43","T","true","main","false","native_2","Native Speaker 2","native","audio/native_2/6nhu1nbwba_43T_audio.webm?v=2026-05-12-native2-refresh","7","","","","","","","0","0","14","Very easy","Very difficult"
"audio_presentation","null","audio/filler_talker/7brghu4wnv_F9F_audio.webm?v=2026-05-12-native2-refresh","null","audio-keyboard-response","72","2.1.1","321795","69f2b5f676aaf78f77d69d16","prolific","69f2b5f676aaf78f77d69d16","6a06508679bbd857881fcea0","6a0657cdf487e157baa5f092","4","accent_credibility_four_speakers","","","","","","","","","F9","F9F","9","Audio item F9","F","false","filler","true","filler_talker","Filler Talker","filler","audio/filler_talker/7brghu4wnv_F9F_audio.webm?v=2026-05-12-native2-refresh","","","","","","","","","","","",""
"truth_judgment","2176","
    <div class=""study-box center-text truth-scale-trial"">
      <div class=""big-question"">How true do you think the statement you just heard is?</div>
    </div>
  ","0","html-slider-response","73","2.1.0","323975","69f2b5f676aaf78f77d69d16","prolific","69f2b5f676aaf78f77d69d16","6a06508679bbd857881fcea0","6a0657cdf487e157baa5f092","4","accent_credibility_four_speakers","","","","","","","","","F9","F9F","9","Audio item F9","F","false","filler","true","filler_talker","Filler Talker","filler","audio/filler_talker/7brghu4wnv_F9F_audio.webm?v=2026-05-12-native2-refresh","7","0","0","0","14","definitely false","definitely true","","","","",""
"speaker_difficulty_rating","2532","
    <div class=""study-box center-text truth-scale-trial"">
      <div class=""big-question"">How easy or difficult was this speaker to understand?</div>
    </div>
  ","0","html-slider-response","74","2.1.0","326511","69f2b5f676aaf78f77d69d16","prolific","69f2b5f676aaf78f77d69d16","6a06508679bbd857881fcea0","6a0657cdf487e157baa5f092","4","accent_credibility_four_speakers","","","","","","","","","F9","F9F","9","Audio item F9","F","false","filler","true","filler_talker","Filler Talker","filler","audio/filler_talker/7brghu4wnv_F9F_audio.webm?v=2026-05-12-native2-refresh","7","","","","","","","0","0","14","Very easy","Very difficult"
"audio_presentation","null","audio/non_native_1/6bqg3s4g4q_8F_audio.webm?v=2026-05-12-native2-refresh","null","audio-keyboard-response","75","2.1.1","331971","69f2b5f676aaf78f77d69d16","prolific","69f2b5f676aaf78f77d69d16","6a06508679bbd857881fcea0","6a0657cdf487e157baa5f092","4","accent_credibility_four_speakers","","","","","","","","","8","8F","8","Audio item 8","F","false","main","false","non_native_1","Non-native Speaker 1","non_native","audio/non_native_1/6bqg3s4g4q_8F_audio.webm?v=2026-05-12-native2-refresh","","","","","","","","","","","",""
"truth_judgment","2941","
    <div class=""study-box center-text truth-scale-trial"">
      <div class=""big-question"">How true do you think the statement you just heard is?</div>
    </div>
  ","6","html-slider-response","76","2.1.0","334917","69f2b5f676aaf78f77d69d16","prolific","69f2b5f676aaf78f77d69d16","6a06508679bbd857881fcea0","6a0657cdf487e157baa5f092","4","accent_credibility_four_speakers","","","","","","","","","8","8F","8","Audio item 8","F","false","main","false","non_native_1","Non-native Speaker 1","non_native","audio/non_native_1/6bqg3s4g4q_8F_audio.webm?v=2026-05-12-native2-refresh","7","6","6","0","14","definitely false","definitely true","","","","",""
"speaker_difficulty_rating","2542","
    <div class=""study-box center-text truth-scale-trial"">
      <div class=""big-question"">How easy or difficult was this speaker to understand?</div>
    </div>
  ","11","html-slider-response","77","2.1.0","337464","69f2b5f676aaf78f77d69d16","prolific","69f2b5f676aaf78f77d69d16","6a06508679bbd857881fcea0","6a0657cdf487e157baa5f092","4","accent_credibility_four_speakers","","","","","","","","","8","8F","8","Audio item 8","F","false","main","false","non_native_1","Non-native Speaker 1","non_native","audio/non_native_1/6bqg3s4g4q_8F_audio.webm?v=2026-05-12-native2-refresh","7","","","","","","","11","0","14","Very easy","Very difficult"
"audio_presentation","null","audio/non_native_2/2j7bwre4ol_41F_audio.webm?v=2026-05-12-native2-refresh","null","audio-keyboard-response","78","2.1.1","343470","69f2b5f676aaf78f77d69d16","prolific","69f2b5f676aaf78f77d69d16","6a06508679bbd857881fcea0","6a0657cdf487e157baa5f092","4","accent_credibility_four_speakers","","","","","","","","","41","41F","41","Audio item 41","F","false","main","false","non_native_2","Non-native Speaker 2","non_native","audio/non_native_2/2j7bwre4ol_41F_audio.webm?v=2026-05-12-native2-refresh","","","","","","","","","","","",""
"truth_judgment","4991","
    <div class=""study-box center-text truth-scale-trial"">
      <div class=""big-question"">How true do you think the statement you just heard is?</div>
    </div>
  ","0","html-slider-response","79","2.1.0","348464","69f2b5f676aaf78f77d69d16","prolific","69f2b5f676aaf78f77d69d16","6a06508679bbd857881fcea0","6a0657cdf487e157baa5f092","4","accent_credibility_four_speakers","","","","","","","","","41","41F","41","Audio item 41","F","false","main","false","non_native_2","Non-native Speaker 2","non_native","audio/non_native_2/2j7bwre4ol_41F_audio.webm?v=2026-05-12-native2-refresh","7","0","0","0","14","definitely false","definitely true","","","","",""
"speaker_difficulty_rating","2155","
    <div class=""study-box center-text truth-scale-trial"">
      <div class=""big-question"">How easy or difficult was this speaker to understand?</div>
    </div>
  ","0","html-slider-response","80","2.1.0","350623","69f2b5f676aaf78f77d69d16","prolific","69f2b5f676aaf78f77d69d16","6a06508679bbd857881fcea0","6a0657cdf487e157baa5f092","4","accent_credibility_four_speakers","","","","","","","","","41","41F","41","Audio item 41","F","false","main","false","non_native_2","Non-native Speaker 2","non_native","audio/non_native_2/2j7bwre4ol_41F_audio.webm?v=2026-05-12-native2-refresh","7","","","","","","","0","0","14","Very easy","Very difficult"
"audio_presentation","null","audio/filler_talker/7brghu4wnv_F15T_audio.webm?v=2026-05-12-native2-refresh","null","audio-keyboard-response","81","2.1.1","358072","69f2b5f676aaf78f77d69d16","prolific","69f2b5f676aaf78f77d69d16","6a06508679bbd857881fcea0","6a0657cdf487e157baa5f092","4","accent_credibility_four_speakers","","","","","","","","","F15","F15T","15","Audio item F15","T","true","filler","true","filler_talker","Filler Talker","filler","audio/filler_talker/7brghu4wnv_F15T_audio.webm?v=2026-05-12-native2-refresh","","","","","","","","","","","",""
"truth_judgment","2332","
    <div class=""study-box center-text truth-scale-trial"">
      <div class=""big-question"">How true do you think the statement you just heard is?</div>
    </div>
  ","6","html-slider-response","82","2.1.0","360408","69f2b5f676aaf78f77d69d16","prolific","69f2b5f676aaf78f77d69d16","6a06508679bbd857881fcea0","6a0657cdf487e157baa5f092","4","accent_credibility_four_speakers","","","","","","","","","F15","F15T","15","Audio item F15","T","true","filler","true","filler_talker","Filler Talker","filler","audio/filler_talker/7brghu4wnv_F15T_audio.webm?v=2026-05-12-native2-refresh","7","6","6","0","14","definitely false","definitely true","","","","",""
"speaker_difficulty_rating","2384","
    <div class=""study-box center-text truth-scale-trial"">
      <div class=""big-question"">How easy or difficult was this speaker to understand?</div>
    </div>
  ","3","html-slider-response","83","2.1.0","362796","69f2b5f676aaf78f77d69d16","prolific","69f2b5f676aaf78f77d69d16","6a06508679bbd857881fcea0","6a0657cdf487e157baa5f092","4","accent_credibility_four_speakers","","","","","","","","","F15","F15T","15","Audio item F15","T","true","filler","true","filler_talker","Filler Talker","filler","audio/filler_talker/7brghu4wnv_F15T_audio.webm?v=2026-05-12-native2-refresh","7","","","","","","","3","0","14","Very easy","Very difficult"
"audio_presentation","null","audio/non_native_1/6bqg3s4g4q_16F_audio.webm?v=2026-05-12-native2-refresh","null","audio-keyboard-response","84","2.1.1","365742","69f2b5f676aaf78f77d69d16","prolific","69f2b5f676aaf78f77d69d16","6a06508679bbd857881fcea0","6a0657cdf487e157baa5f092","4","accent_credibility_four_speakers","","","","","","","","","16","16F","16","Audio item 16","F","false","main","false","non_native_1","Non-native Speaker 1","non_native","audio/non_native_1/6bqg3s4g4q_16F_audio.webm?v=2026-05-12-native2-refresh","","","","","","","","","","","",""
"truth_judgment","3078","
    <div class=""study-box center-text truth-scale-trial"">
      <div class=""big-question"">How true do you think the statement you just heard is?</div>
    </div>
  ","0","html-slider-response","85","2.1.0","368824","69f2b5f676aaf78f77d69d16","prolific","69f2b5f676aaf78f77d69d16","6a06508679bbd857881fcea0","6a0657cdf487e157baa5f092","4","accent_credibility_four_speakers","","","","","","","","","16","16F","16","Audio item 16","F","false","main","false","non_native_1","Non-native Speaker 1","non_native","audio/non_native_1/6bqg3s4g4q_16F_audio.webm?v=2026-05-12-native2-refresh","7","0","0","0","14","definitely false","definitely true","","","","",""
"speaker_difficulty_rating","2812","
    <div class=""study-box center-text truth-scale-trial"">
      <div class=""big-question"">How easy or difficult was this speaker to understand?</div>
    </div>
  ","3","html-slider-response","86","2.1.0","371640","69f2b5f676aaf78f77d69d16","prolific","69f2b5f676aaf78f77d69d16","6a06508679bbd857881fcea0","6a0657cdf487e157baa5f092","4","accent_credibility_four_speakers","","","","","","","","","16","16F","16","Audio item 16","F","false","main","false","non_native_1","Non-native Speaker 1","non_native","audio/non_native_1/6bqg3s4g4q_16F_audio.webm?v=2026-05-12-native2-refresh","7","","","","","","","3","0","14","Very easy","Very difficult"
"audio_presentation","null","audio/native_2/6nhu1nbwba_35T_audio.webm?v=2026-05-12-native2-refresh","null","audio-keyboard-response","87","2.1.1","377284","69f2b5f676aaf78f77d69d16","prolific","69f2b5f676aaf78f77d69d16","6a06508679bbd857881fcea0","6a0657cdf487e157baa5f092","4","accent_credibility_four_speakers","","","","","","","","","35","35T","35","Audio item 35","T","true","main","false","native_2","Native Speaker 2","native","audio/native_2/6nhu1nbwba_35T_audio.webm?v=2026-05-12-native2-refresh","","","","","","","","","","","",""
"truth_judgment","3320","
    <div class=""study-box center-text truth-scale-trial"">
      <div class=""big-question"">How true do you think the statement you just heard is?</div>
    </div>
  ","7","html-slider-response","88","2.1.0","380607","69f2b5f676aaf78f77d69d16","prolific","69f2b5f676aaf78f77d69d16","6a06508679bbd857881fcea0","6a0657cdf487e157baa5f092","4","accent_credibility_four_speakers","","","","","","","","","35","35T","35","Audio item 35","T","true","main","false","native_2","Native Speaker 2","native","audio/native_2/6nhu1nbwba_35T_audio.webm?v=2026-05-12-native2-refresh","7","7","7","0","14","definitely false","definitely true","","","","",""
"speaker_difficulty_rating","2547","
    <div class=""study-box center-text truth-scale-trial"">
      <div class=""big-question"">How easy or difficult was this speaker to understand?</div>
    </div>
  ","0","html-slider-response","89","2.1.0","383160","69f2b5f676aaf78f77d69d16","prolific","69f2b5f676aaf78f77d69d16","6a06508679bbd857881fcea0","6a0657cdf487e157baa5f092","4","accent_credibility_four_speakers","","","","","","","","","35","35T","35","Audio item 35","T","true","main","false","native_2","Native Speaker 2","native","audio/native_2/6nhu1nbwba_35T_audio.webm?v=2026-05-12-native2-refresh","7","","","","","","","0","0","14","Very easy","Very difficult"
"audio_presentation","null","audio/filler_talker/7brghu4wnv_F3T_audio.webm?v=2026-05-12-native2-refresh","null","audio-keyboard-response","90","2.1.1","386105","69f2b5f676aaf78f77d69d16","prolific","69f2b5f676aaf78f77d69d16","6a06508679bbd857881fcea0","6a0657cdf487e157baa5f092","4","accent_credibility_four_speakers","","","","","","","","","F3","F3T","3","Audio item F3","T","true","filler","true","filler_talker","Filler Talker","filler","audio/filler_talker/7brghu4wnv_F3T_audio.webm?v=2026-05-12-native2-refresh","","","","","","","","","","","",""
"truth_judgment","3714","
    <div class=""study-box center-text truth-scale-trial"">
      <div class=""big-question"">How true do you think the statement you just heard is?</div>
    </div>
  ","14","html-slider-response","91","2.1.0","389823","69f2b5f676aaf78f77d69d16","prolific","69f2b5f676aaf78f77d69d16","6a06508679bbd857881fcea0","6a0657cdf487e157baa5f092","4","accent_credibility_four_speakers","","","","","","","","","F3","F3T","3","Audio item F3","T","true","filler","true","filler_talker","Filler Talker","filler","audio/filler_talker/7brghu4wnv_F3T_audio.webm?v=2026-05-12-native2-refresh","7","14","14","0","14","definitely false","definitely true","","","","",""
"speaker_difficulty_rating","2384","
    <div class=""study-box center-text truth-scale-trial"">
      <div class=""big-question"">How easy or difficult was this speaker to understand?</div>
    </div>
  ","0","html-slider-response","92","2.1.0","392212","69f2b5f676aaf78f77d69d16","prolific","69f2b5f676aaf78f77d69d16","6a06508679bbd857881fcea0","6a0657cdf487e157baa5f092","4","accent_credibility_four_speakers","","","","","","","","","F3","F3T","3","Audio item F3","T","true","filler","true","filler_talker","Filler Talker","filler","audio/filler_talker/7brghu4wnv_F3T_audio.webm?v=2026-05-12-native2-refresh","7","","","","","","","0","0","14","Very easy","Very difficult"
"audio_presentation","null","audio/native_1/ha77v84840_2T_audio.webm?v=2026-05-12-native2-refresh","null","audio-keyboard-response","93","2.1.1","396952","69f2b5f676aaf78f77d69d16","prolific","69f2b5f676aaf78f77d69d16","6a06508679bbd857881fcea0","6a0657cdf487e157baa5f092","4","accent_credibility_four_speakers","","","","","","","","","2","2T","2","Audio item 2","T","true","main","false","native_1","Native Speaker 1","native","audio/native_1/ha77v84840_2T_audio.webm?v=2026-05-12-native2-refresh","","","","","","","","","","","",""
"truth_judgment","2483","
    <div class=""study-box center-text truth-scale-trial"">
      <div class=""big-question"">How true do you think the statement you just heard is?</div>
    </div>
  ","6","html-slider-response","94","2.1.0","399440","69f2b5f676aaf78f77d69d16","prolific","69f2b5f676aaf78f77d69d16","6a06508679bbd857881fcea0","6a0657cdf487e157baa5f092","4","accent_credibility_four_speakers","","","","","","","","","2","2T","2","Audio item 2","T","true","main","false","native_1","Native Speaker 1","native","audio/native_1/ha77v84840_2T_audio.webm?v=2026-05-12-native2-refresh","7","6","6","0","14","definitely false","definitely true","","","","",""
"speaker_difficulty_rating","3115","
    <div class=""study-box center-text truth-scale-trial"">
      <div class=""big-question"">How easy or difficult was this speaker to understand?</div>
    </div>
  ","0","html-slider-response","95","2.1.0","402559","69f2b5f676aaf78f77d69d16","prolific","69f2b5f676aaf78f77d69d16","6a06508679bbd857881fcea0","6a0657cdf487e157baa5f092","4","accent_credibility_four_speakers","","","","","","","","","2","2T","2","Audio item 2","T","true","main","false","native_1","Native Speaker 1","native","audio/native_1/ha77v84840_2T_audio.webm?v=2026-05-12-native2-refresh","7","","","","","","","0","0","14","Very easy","Very difficult"
"audio_presentation","null","audio/non_native_2/2j7bwre4ol_33T_audio.webm?v=2026-05-12-native2-refresh","null","audio-keyboard-response","96","2.1.1","405795","69f2b5f676aaf78f77d69d16","prolific","69f2b5f676aaf78f77d69d16","6a06508679bbd857881fcea0","6a0657cdf487e157baa5f092","4","accent_credibility_four_speakers","","","","","","","","","33","33T","33","Audio item 33","T","true","main","false","non_native_2","Non-native Speaker 2","non_native","audio/non_native_2/2j7bwre4ol_33T_audio.webm?v=2026-05-12-native2-refresh","","","","","","","","","","","",""
"truth_judgment","7705","
    <div class=""study-box center-text truth-scale-trial"">
      <div class=""big-question"">How true do you think the statement you just heard is?</div>
    </div>
  ","6","html-slider-response","97","2.1.0","413504","69f2b5f676aaf78f77d69d16","prolific","69f2b5f676aaf78f77d69d16","6a06508679bbd857881fcea0","6a0657cdf487e157baa5f092","4","accent_credibility_four_speakers","","","","","","","","","33","33T","33","Audio item 33","T","true","main","false","non_native_2","Non-native Speaker 2","non_native","audio/non_native_2/2j7bwre4ol_33T_audio.webm?v=2026-05-12-native2-refresh","7","6","6","0","14","definitely false","definitely true","","","","",""
"speaker_difficulty_rating","4138","
    <div class=""study-box center-text truth-scale-trial"">
      <div class=""big-question"">How easy or difficult was this speaker to understand?</div>
    </div>
  ","6","html-slider-response","98","2.1.0","417646","69f2b5f676aaf78f77d69d16","prolific","69f2b5f676aaf78f77d69d16","6a06508679bbd857881fcea0","6a0657cdf487e157baa5f092","4","accent_credibility_four_speakers","","","","","","","","","33","33T","33","Audio item 33","T","true","main","false","non_native_2","Non-native Speaker 2","non_native","audio/non_native_2/2j7bwre4ol_33T_audio.webm?v=2026-05-12-native2-refresh","7","","","","","","","6","0","14","Very easy","Very difficult"
"audio_presentation","null","audio/non_native_1/6bqg3s4g4q_36T_audio.webm?v=2026-05-12-native2-refresh","null","audio-keyboard-response","99","2.1.1","422030","69f2b5f676aaf78f77d69d16","prolific","69f2b5f676aaf78f77d69d16","6a06508679bbd857881fcea0","6a0657cdf487e157baa5f092","4","accent_credibility_four_speakers","","","","","","","","","36","36T","36","Audio item 36","T","true","main","false","non_native_1","Non-native Speaker 1","non_native","audio/non_native_1/6bqg3s4g4q_36T_audio.webm?v=2026-05-12-native2-refresh","","","","","","","","","","","",""
"truth_judgment","2390","
    <div class=""study-box center-text truth-scale-trial"">
      <div class=""big-question"">How true do you think the statement you just heard is?</div>
    </div>
  ","6","html-slider-response","100","2.1.0","424423","69f2b5f676aaf78f77d69d16","prolific","69f2b5f676aaf78f77d69d16","6a06508679bbd857881fcea0","6a0657cdf487e157baa5f092","4","accent_credibility_four_speakers","","","","","","","","","36","36T","36","Audio item 36","T","true","main","false","non_native_1","Non-native Speaker 1","non_native","audio/non_native_1/6bqg3s4g4q_36T_audio.webm?v=2026-05-12-native2-refresh","7","6","6","0","14","definitely false","definitely true","","","","",""
"speaker_difficulty_rating","2432","
    <div class=""study-box center-text truth-scale-trial"">
      <div class=""big-question"">How easy or difficult was this speaker to understand?</div>
    </div>
  ","6","html-slider-response","101","2.1.0","426860","69f2b5f676aaf78f77d69d16","prolific","69f2b5f676aaf78f77d69d16","6a06508679bbd857881fcea0","6a0657cdf487e157baa5f092","4","accent_credibility_four_speakers","","","","","","","","","36","36T","36","Audio item 36","T","true","main","false","non_native_1","Non-native Speaker 1","non_native","audio/non_native_1/6bqg3s4g4q_36T_audio.webm?v=2026-05-12-native2-refresh","7","","","","","","","6","0","14","Very easy","Very difficult"
"audio_presentation","null","audio/native_2/6nhu1nbwba_47F_audio.webm?v=2026-05-12-native2-refresh","null","audio-keyboard-response","102","2.1.1","431129","69f2b5f676aaf78f77d69d16","prolific","69f2b5f676aaf78f77d69d16","6a06508679bbd857881fcea0","6a0657cdf487e157baa5f092","4","accent_credibility_four_speakers","","","","","","","","","47","47F","47","Audio item 47","F","false","main","false","native_2","Native Speaker 2","native","audio/native_2/6nhu1nbwba_47F_audio.webm?v=2026-05-12-native2-refresh","","","","","","","","","","","",""
"truth_judgment","2363","
    <div class=""study-box center-text truth-scale-trial"">
      <div class=""big-question"">How true do you think the statement you just heard is?</div>
    </div>
  ","0","html-slider-response","103","2.1.0","433497","69f2b5f676aaf78f77d69d16","prolific","69f2b5f676aaf78f77d69d16","6a06508679bbd857881fcea0","6a0657cdf487e157baa5f092","4","accent_credibility_four_speakers","","","","","","","","","47","47F","47","Audio item 47","F","false","main","false","native_2","Native Speaker 2","native","audio/native_2/6nhu1nbwba_47F_audio.webm?v=2026-05-12-native2-refresh","7","0","0","0","14","definitely false","definitely true","","","","",""
"speaker_difficulty_rating","2247","
    <div class=""study-box center-text truth-scale-trial"">
      <div class=""big-question"">How easy or difficult was this speaker to understand?</div>
    </div>
  ","0","html-slider-response","104","2.1.0","435747","69f2b5f676aaf78f77d69d16","prolific","69f2b5f676aaf78f77d69d16","6a06508679bbd857881fcea0","6a0657cdf487e157baa5f092","4","accent_credibility_four_speakers","","","","","","","","","47","47F","47","Audio item 47","F","false","main","false","native_2","Native Speaker 2","native","audio/native_2/6nhu1nbwba_47F_audio.webm?v=2026-05-12-native2-refresh","7","","","","","","","0","0","14","Very easy","Very difficult"
"audio_presentation","null","audio/non_native_1/6bqg3s4g4q_44F_audio.webm?v=2026-05-12-native2-refresh","null","audio-keyboard-response","105","2.1.1","440067","69f2b5f676aaf78f77d69d16","prolific","69f2b5f676aaf78f77d69d16","6a06508679bbd857881fcea0","6a0657cdf487e157baa5f092","4","accent_credibility_four_speakers","","","","","","","","","44","44F","44","Audio item 44","F","false","main","false","non_native_1","Non-native Speaker 1","non_native","audio/non_native_1/6bqg3s4g4q_44F_audio.webm?v=2026-05-12-native2-refresh","","","","","","","","","","","",""
"truth_judgment","2921","
    <div class=""study-box center-text truth-scale-trial"">
      <div class=""big-question"">How true do you think the statement you just heard is?</div>
    </div>
  ","6","html-slider-response","106","2.1.0","442992","69f2b5f676aaf78f77d69d16","prolific","69f2b5f676aaf78f77d69d16","6a06508679bbd857881fcea0","6a0657cdf487e157baa5f092","4","accent_credibility_four_speakers","","","","","","","","","44","44F","44","Audio item 44","F","false","main","false","non_native_1","Non-native Speaker 1","non_native","audio/non_native_1/6bqg3s4g4q_44F_audio.webm?v=2026-05-12-native2-refresh","7","6","6","0","14","definitely false","definitely true","","","","",""
"speaker_difficulty_rating","3091","
    <div class=""study-box center-text truth-scale-trial"">
      <div class=""big-question"">How easy or difficult was this speaker to understand?</div>
    </div>
  ","0","html-slider-response","107","2.1.0","446087","69f2b5f676aaf78f77d69d16","prolific","69f2b5f676aaf78f77d69d16","6a06508679bbd857881fcea0","6a0657cdf487e157baa5f092","4","accent_credibility_four_speakers","","","","","","","","","44","44F","44","Audio item 44","F","false","main","false","non_native_1","Non-native Speaker 1","non_native","audio/non_native_1/6bqg3s4g4q_44F_audio.webm?v=2026-05-12-native2-refresh","7","","","","","","","0","0","14","Very easy","Very difficult"
"audio_presentation","null","audio/non_native_1/6bqg3s4g4q_4T_audio.webm?v=2026-05-12-native2-refresh","null","audio-keyboard-response","108","2.1.1","448483","69f2b5f676aaf78f77d69d16","prolific","69f2b5f676aaf78f77d69d16","6a06508679bbd857881fcea0","6a0657cdf487e157baa5f092","4","accent_credibility_four_speakers","","","","","","","","","4","4T","4","Audio item 4","T","true","main","false","non_native_1","Non-native Speaker 1","non_native","audio/non_native_1/6bqg3s4g4q_4T_audio.webm?v=2026-05-12-native2-refresh","","","","","","","","","","","",""
"truth_judgment","1969","
    <div class=""study-box center-text truth-scale-trial"">
      <div class=""big-question"">How true do you think the statement you just heard is?</div>
    </div>
  ","0","html-slider-response","109","2.1.0","450456","69f2b5f676aaf78f77d69d16","prolific","69f2b5f676aaf78f77d69d16","6a06508679bbd857881fcea0","6a0657cdf487e157baa5f092","4","accent_credibility_four_speakers","","","","","","","","","4","4T","4","Audio item 4","T","true","main","false","non_native_1","Non-native Speaker 1","non_native","audio/non_native_1/6bqg3s4g4q_4T_audio.webm?v=2026-05-12-native2-refresh","7","0","0","0","14","definitely false","definitely true","","","","",""
"speaker_difficulty_rating","2427","
    <div class=""study-box center-text truth-scale-trial"">
      <div class=""big-question"">How easy or difficult was this speaker to understand?</div>
    </div>
  ","1","html-slider-response","110","2.1.0","452888","69f2b5f676aaf78f77d69d16","prolific","69f2b5f676aaf78f77d69d16","6a06508679bbd857881fcea0","6a0657cdf487e157baa5f092","4","accent_credibility_four_speakers","","","","","","","","","4","4T","4","Audio item 4","T","true","main","false","non_native_1","Non-native Speaker 1","non_native","audio/non_native_1/6bqg3s4g4q_4T_audio.webm?v=2026-05-12-native2-refresh","7","","","","","","","1","0","14","Very easy","Very difficult"
"audio_presentation","null","audio/native_1/ha77v84840_6F_audio.webm?v=2026-05-12-native2-refresh","null","audio-keyboard-response","111","2.1.1","458595","69f2b5f676aaf78f77d69d16","prolific","69f2b5f676aaf78f77d69d16","6a06508679bbd857881fcea0","6a0657cdf487e157baa5f092","4","accent_credibility_four_speakers","","","","","","","","","6","6F","6","Audio item 6","F","false","main","false","native_1","Native Speaker 1","native","audio/native_1/ha77v84840_6F_audio.webm?v=2026-05-12-native2-refresh","","","","","","","","","","","",""
"truth_judgment","8776","
    <div class=""study-box center-text truth-scale-trial"">
      <div class=""big-question"">How true do you think the statement you just heard is?</div>
    </div>
  ","9","html-slider-response","112","2.1.0","467375","69f2b5f676aaf78f77d69d16","prolific","69f2b5f676aaf78f77d69d16","6a06508679bbd857881fcea0","6a0657cdf487e157baa5f092","4","accent_credibility_four_speakers","","","","","","","","","6","6F","6","Audio item 6","F","false","main","false","native_1","Native Speaker 1","native","audio/native_1/ha77v84840_6F_audio.webm?v=2026-05-12-native2-refresh","7","9","9","0","14","definitely false","definitely true","","","","",""
"speaker_difficulty_rating","3656","
    <div class=""study-box center-text truth-scale-trial"">
      <div class=""big-question"">How easy or difficult was this speaker to understand?</div>
    </div>
  ","0","html-slider-response","113","2.1.0","471035","69f2b5f676aaf78f77d69d16","prolific","69f2b5f676aaf78f77d69d16","6a06508679bbd857881fcea0","6a0657cdf487e157baa5f092","4","accent_credibility_four_speakers","","","","","","","","","6","6F","6","Audio item 6","F","false","main","false","native_1","Native Speaker 1","native","audio/native_1/ha77v84840_6F_audio.webm?v=2026-05-12-native2-refresh","7","","","","","","","0","0","14","Very easy","Very difficult"
"audio_presentation","null","audio/non_native_2/2j7bwre4ol_13T_audio.webm?v=2026-05-12-native2-refresh","null","audio-keyboard-response","114","2.1.1","475832","69f2b5f676aaf78f77d69d16","prolific","69f2b5f676aaf78f77d69d16","6a06508679bbd857881fcea0","6a0657cdf487e157baa5f092","4","accent_credibility_four_speakers","","","","","","","","","13","13T","13","Audio item 13","T","true","main","false","non_native_2","Non-native Speaker 2","non_native","audio/non_native_2/2j7bwre4ol_13T_audio.webm?v=2026-05-12-native2-refresh","","","","","","","","","","","",""
"truth_judgment","1804","
    <div class=""study-box center-text truth-scale-trial"">
      <div class=""big-question"">How true do you think the statement you just heard is?</div>
    </div>
  ","0","html-slider-response","115","2.1.0","477639","69f2b5f676aaf78f77d69d16","prolific","69f2b5f676aaf78f77d69d16","6a06508679bbd857881fcea0","6a0657cdf487e157baa5f092","4","accent_credibility_four_speakers","","","","","","","","","13","13T","13","Audio item 13","T","true","main","false","non_native_2","Non-native Speaker 2","non_native","audio/non_native_2/2j7bwre4ol_13T_audio.webm?v=2026-05-12-native2-refresh","7","0","0","0","14","definitely false","definitely true","","","","",""
"speaker_difficulty_rating","2520","
    <div class=""study-box center-text truth-scale-trial"">
      <div class=""big-question"">How easy or difficult was this speaker to understand?</div>
    </div>
  ","1","html-slider-response","116","2.1.0","480163","69f2b5f676aaf78f77d69d16","prolific","69f2b5f676aaf78f77d69d16","6a06508679bbd857881fcea0","6a0657cdf487e157baa5f092","4","accent_credibility_four_speakers","","","","","","","","","13","13T","13","Audio item 13","T","true","main","false","non_native_2","Non-native Speaker 2","non_native","audio/non_native_2/2j7bwre4ol_13T_audio.webm?v=2026-05-12-native2-refresh","7","","","","","","","1","0","14","Very easy","Very difficult"
"audio_presentation","null","audio/native_2/6nhu1nbwba_39T_audio.webm?v=2026-05-12-native2-refresh","null","audio-keyboard-response","117","2.1.1","484963","69f2b5f676aaf78f77d69d16","prolific","69f2b5f676aaf78f77d69d16","6a06508679bbd857881fcea0","6a0657cdf487e157baa5f092","4","accent_credibility_four_speakers","","","","","","","","","39","39T","39","Audio item 39","T","true","main","false","native_2","Native Speaker 2","native","audio/native_2/6nhu1nbwba_39T_audio.webm?v=2026-05-12-native2-refresh","","","","","","","","","","","",""
"truth_judgment","2657","
    <div class=""study-box center-text truth-scale-trial"">
      <div class=""big-question"">How true do you think the statement you just heard is?</div>
    </div>
  ","0","html-slider-response","118","2.1.0","487624","69f2b5f676aaf78f77d69d16","prolific","69f2b5f676aaf78f77d69d16","6a06508679bbd857881fcea0","6a0657cdf487e157baa5f092","4","accent_credibility_four_speakers","","","","","","","","","39","39T","39","Audio item 39","T","true","main","false","native_2","Native Speaker 2","native","audio/native_2/6nhu1nbwba_39T_audio.webm?v=2026-05-12-native2-refresh","7","0","0","0","14","definitely false","definitely true","","","","",""
"speaker_difficulty_rating","2331","
    <div class=""study-box center-text truth-scale-trial"">
      <div class=""big-question"">How easy or difficult was this speaker to understand?</div>
    </div>
  ","0","html-slider-response","119","2.1.0","489959","69f2b5f676aaf78f77d69d16","prolific","69f2b5f676aaf78f77d69d16","6a06508679bbd857881fcea0","6a0657cdf487e157baa5f092","4","accent_credibility_four_speakers","","","","","","","","","39","39T","39","Audio item 39","T","true","main","false","native_2","Native Speaker 2","native","audio/native_2/6nhu1nbwba_39T_audio.webm?v=2026-05-12-native2-refresh","7","","","","","","","0","0","14","Very easy","Very difficult"
"audio_presentation","null","audio/non_native_1/6bqg3s4g4q_24F_audio.webm?v=2026-05-12-native2-refresh","null","audio-keyboard-response","120","2.1.1","495064","69f2b5f676aaf78f77d69d16","prolific","69f2b5f676aaf78f77d69d16","6a06508679bbd857881fcea0","6a0657cdf487e157baa5f092","4","accent_credibility_four_speakers","","","","","","","","","24","24F","24","Audio item 24","F","false","main","false","non_native_1","Non-native Speaker 1","non_native","audio/non_native_1/6bqg3s4g4q_24F_audio.webm?v=2026-05-12-native2-refresh","","","","","","","","","","","",""
"truth_judgment","2080","
    <div class=""study-box center-text truth-scale-trial"">
      <div class=""big-question"">How true do you think the statement you just heard is?</div>
    </div>
  ","0","html-slider-response","121","2.1.0","497147","69f2b5f676aaf78f77d69d16","prolific","69f2b5f676aaf78f77d69d16","6a06508679bbd857881fcea0","6a0657cdf487e157baa5f092","4","accent_credibility_four_speakers","","","","","","","","","24","24F","24","Audio item 24","F","false","main","false","non_native_1","Non-native Speaker 1","non_native","audio/non_native_1/6bqg3s4g4q_24F_audio.webm?v=2026-05-12-native2-refresh","7","0","0","0","14","definitely false","definitely true","","","","",""
"speaker_difficulty_rating","2160","
    <div class=""study-box center-text truth-scale-trial"">
      <div class=""big-question"">How easy or difficult was this speaker to understand?</div>
    </div>
  ","0","html-slider-response","122","2.1.0","499312","69f2b5f676aaf78f77d69d16","prolific","69f2b5f676aaf78f77d69d16","6a06508679bbd857881fcea0","6a0657cdf487e157baa5f092","4","accent_credibility_four_speakers","","","","","","","","","24","24F","24","Audio item 24","F","false","main","false","non_native_1","Non-native Speaker 1","non_native","audio/non_native_1/6bqg3s4g4q_24F_audio.webm?v=2026-05-12-native2-refresh","7","","","","","","","0","0","14","Very easy","Very difficult"
"audio_presentation","null","audio/filler_talker/7brghu4wnv_F14F_audio.webm?v=2026-05-12-native2-refresh","null","audio-keyboard-response","123","2.1.1","503992","69f2b5f676aaf78f77d69d16","prolific","69f2b5f676aaf78f77d69d16","6a06508679bbd857881fcea0","6a0657cdf487e157baa5f092","4","accent_credibility_four_speakers","","","","","","","","","F14","F14F","14","Audio item F14","F","false","filler","true","filler_talker","Filler Talker","filler","audio/filler_talker/7brghu4wnv_F14F_audio.webm?v=2026-05-12-native2-refresh","","","","","","","","","","","",""
"truth_judgment","3669","
    <div class=""study-box center-text truth-scale-trial"">
      <div class=""big-question"">How true do you think the statement you just heard is?</div>
    </div>
  ","14","html-slider-response","124","2.1.0","507664","69f2b5f676aaf78f77d69d16","prolific","69f2b5f676aaf78f77d69d16","6a06508679bbd857881fcea0","6a0657cdf487e157baa5f092","4","accent_credibility_four_speakers","","","","","","","","","F14","F14F","14","Audio item F14","F","false","filler","true","filler_talker","Filler Talker","filler","audio/filler_talker/7brghu4wnv_F14F_audio.webm?v=2026-05-12-native2-refresh","7","14","14","0","14","definitely false","definitely true","","","","",""
"speaker_difficulty_rating","2739","
    <div class=""study-box center-text truth-scale-trial"">
      <div class=""big-question"">How easy or difficult was this speaker to understand?</div>
    </div>
  ","0","html-slider-response","125","2.1.0","510408","69f2b5f676aaf78f77d69d16","prolific","69f2b5f676aaf78f77d69d16","6a06508679bbd857881fcea0","6a0657cdf487e157baa5f092","4","accent_credibility_four_speakers","","","","","","","","","F14","F14F","14","Audio item F14","F","false","filler","true","filler_talker","Filler Talker","filler","audio/filler_talker/7brghu4wnv_F14F_audio.webm?v=2026-05-12-native2-refresh","7","","","","","","","0","0","14","Very easy","Very difficult"
"audio_presentation","null","audio/filler_talker/7brghu4wnv_F16F_audio.webm?v=2026-05-12-native2-refresh","null","audio-keyboard-response","126","2.1.1","517603","69f2b5f676aaf78f77d69d16","prolific","69f2b5f676aaf78f77d69d16","6a06508679bbd857881fcea0","6a0657cdf487e157baa5f092","4","accent_credibility_four_speakers","","","","","","","","","F16","F16F","16","Audio item F16","F","false","filler","true","filler_talker","Filler Talker","filler","audio/filler_talker/7brghu4wnv_F16F_audio.webm?v=2026-05-12-native2-refresh","","","","","","","","","","","",""
"truth_judgment","6112","
    <div class=""study-box center-text truth-scale-trial"">
      <div class=""big-question"">How true do you think the statement you just heard is?</div>
    </div>
  ","7","html-slider-response","127","2.1.0","523719","69f2b5f676aaf78f77d69d16","prolific","69f2b5f676aaf78f77d69d16","6a06508679bbd857881fcea0","6a0657cdf487e157baa5f092","4","accent_credibility_four_speakers","","","","","","","","","F16","F16F","16","Audio item F16","F","false","filler","true","filler_talker","Filler Talker","filler","audio/filler_talker/7brghu4wnv_F16F_audio.webm?v=2026-05-12-native2-refresh","7","7","7","0","14","definitely false","definitely true","","","","",""
"speaker_difficulty_rating","2107","
    <div class=""study-box center-text truth-scale-trial"">
      <div class=""big-question"">How easy or difficult was this speaker to understand?</div>
    </div>
  ","0","html-slider-response","128","2.1.0","525830","69f2b5f676aaf78f77d69d16","prolific","69f2b5f676aaf78f77d69d16","6a06508679bbd857881fcea0","6a0657cdf487e157baa5f092","4","accent_credibility_four_speakers","","","","","","","","","F16","F16F","16","Audio item F16","F","false","filler","true","filler_talker","Filler Talker","filler","audio/filler_talker/7brghu4wnv_F16F_audio.webm?v=2026-05-12-native2-refresh","7","","","","","","","0","0","14","Very easy","Very difficult"
"audio_presentation","null","audio/native_1/ha77v84840_46T_audio.webm?v=2026-05-12-native2-refresh","null","audio-keyboard-response","129","2.1.1","530147","69f2b5f676aaf78f77d69d16","prolific","69f2b5f676aaf78f77d69d16","6a06508679bbd857881fcea0","6a0657cdf487e157baa5f092","4","accent_credibility_four_speakers","","","","","","","","","46","46T","46","Audio item 46","T","true","main","false","native_1","Native Speaker 1","native","audio/native_1/ha77v84840_46T_audio.webm?v=2026-05-12-native2-refresh","","","","","","","","","","","",""
"truth_judgment","2826","
    <div class=""study-box center-text truth-scale-trial"">
      <div class=""big-question"">How true do you think the statement you just heard is?</div>
    </div>
  ","14","html-slider-response","130","2.1.0","532976","69f2b5f676aaf78f77d69d16","prolific","69f2b5f676aaf78f77d69d16","6a06508679bbd857881fcea0","6a0657cdf487e157baa5f092","4","accent_credibility_four_speakers","","","","","","","","","46","46T","46","Audio item 46","T","true","main","false","native_1","Native Speaker 1","native","audio/native_1/ha77v84840_46T_audio.webm?v=2026-05-12-native2-refresh","7","14","14","0","14","definitely false","definitely true","","","","",""
"speaker_difficulty_rating","2259","
    <div class=""study-box center-text truth-scale-trial"">
      <div class=""big-question"">How easy or difficult was this speaker to understand?</div>
    </div>
  ","0","html-slider-response","131","2.1.0","535240","69f2b5f676aaf78f77d69d16","prolific","69f2b5f676aaf78f77d69d16","6a06508679bbd857881fcea0","6a0657cdf487e157baa5f092","4","accent_credibility_four_speakers","","","","","","","","","46","46T","46","Audio item 46","T","true","main","false","native_1","Native Speaker 1","native","audio/native_1/ha77v84840_46T_audio.webm?v=2026-05-12-native2-refresh","7","","","","","","","0","0","14","Very easy","Very difficult"
"audio_presentation","null","audio/native_2/6nhu1nbwba_3F_audio.webm?v=2026-05-12-native2-refresh","null","audio-keyboard-response","132","2.1.1","540163","69f2b5f676aaf78f77d69d16","prolific","69f2b5f676aaf78f77d69d16","6a06508679bbd857881fcea0","6a0657cdf487e157baa5f092","4","accent_credibility_four_speakers","","","","","","","","","3","3F","3","Audio item 3","F","false","main","false","native_2","Native Speaker 2","native","audio/native_2/6nhu1nbwba_3F_audio.webm?v=2026-05-12-native2-refresh","","","","","","","","","","","",""
"truth_judgment","3057","
    <div class=""study-box center-text truth-scale-trial"">
      <div class=""big-question"">How true do you think the statement you just heard is?</div>
    </div>
  ","7","html-slider-response","133","2.1.0","543223","69f2b5f676aaf78f77d69d16","prolific","69f2b5f676aaf78f77d69d16","6a06508679bbd857881fcea0","6a0657cdf487e157baa5f092","4","accent_credibility_four_speakers","","","","","","","","","3","3F","3","Audio item 3","F","false","main","false","native_2","Native Speaker 2","native","audio/native_2/6nhu1nbwba_3F_audio.webm?v=2026-05-12-native2-refresh","7","7","7","0","14","definitely false","definitely true","","","","",""
"speaker_difficulty_rating","1973","
    <div class=""study-box center-text truth-scale-trial"">
      <div class=""big-question"">How easy or difficult was this speaker to understand?</div>
    </div>
  ","0","html-slider-response","134","2.1.0","545200","69f2b5f676aaf78f77d69d16","prolific","69f2b5f676aaf78f77d69d16","6a06508679bbd857881fcea0","6a0657cdf487e157baa5f092","4","accent_credibility_four_speakers","","","","","","","","","3","3F","3","Audio item 3","F","false","main","false","native_2","Native Speaker 2","native","audio/native_2/6nhu1nbwba_3F_audio.webm?v=2026-05-12-native2-refresh","7","","","","","","","0","0","14","Very easy","Very difficult"
"audio_presentation","null","audio/non_native_1/6bqg3s4g4q_28F_audio.webm?v=2026-05-12-native2-refresh","null","audio-keyboard-response","135","2.1.1","549219","69f2b5f676aaf78f77d69d16","prolific","69f2b5f676aaf78f77d69d16","6a06508679bbd857881fcea0","6a0657cdf487e157baa5f092","4","accent_credibility_four_speakers","","","","","","","","","28","28F","28","Audio item 28","F","false","main","false","non_native_1","Non-native Speaker 1","non_native","audio/non_native_1/6bqg3s4g4q_28F_audio.webm?v=2026-05-12-native2-refresh","","","","","","","","","","","",""
"truth_judgment","2928","
    <div class=""study-box center-text truth-scale-trial"">
      <div class=""big-question"">How true do you think the statement you just heard is?</div>
    </div>
  ","7","html-slider-response","136","2.1.0","552152","69f2b5f676aaf78f77d69d16","prolific","69f2b5f676aaf78f77d69d16","6a06508679bbd857881fcea0","6a0657cdf487e157baa5f092","4","accent_credibility_four_speakers","","","","","","","","","28","28F","28","Audio item 28","F","false","main","false","non_native_1","Non-native Speaker 1","non_native","audio/non_native_1/6bqg3s4g4q_28F_audio.webm?v=2026-05-12-native2-refresh","7","7","7","0","14","definitely false","definitely true","","","","",""
"speaker_difficulty_rating","3028","
    <div class=""study-box center-text truth-scale-trial"">
      <div class=""big-question"">How easy or difficult was this speaker to understand?</div>
    </div>
  ","10","html-slider-response","137","2.1.0","555183","69f2b5f676aaf78f77d69d16","prolific","69f2b5f676aaf78f77d69d16","6a06508679bbd857881fcea0","6a0657cdf487e157baa5f092","4","accent_credibility_four_speakers","","","","","","","","","28","28F","28","Audio item 28","F","false","main","false","non_native_1","Non-native Speaker 1","non_native","audio/non_native_1/6bqg3s4g4q_28F_audio.webm?v=2026-05-12-native2-refresh","7","","","","","","","10","0","14","Very easy","Very difficult"
"audio_presentation","null","audio/non_native_1/6bqg3s4g4q_48F_audio.webm?v=2026-05-12-native2-refresh","null","audio-keyboard-response","138","2.1.1","560941","69f2b5f676aaf78f77d69d16","prolific","69f2b5f676aaf78f77d69d16","6a06508679bbd857881fcea0","6a0657cdf487e157baa5f092","4","accent_credibility_four_speakers","","","","","","","","","48","48F","48","Audio item 48","F","false","main","false","non_native_1","Non-native Speaker 1","non_native","audio/non_native_1/6bqg3s4g4q_48F_audio.webm?v=2026-05-12-native2-refresh","","","","","","","","","","","",""
"truth_judgment","2170","
    <div class=""study-box center-text truth-scale-trial"">
      <div class=""big-question"">How true do you think the statement you just heard is?</div>
    </div>
  ","6","html-slider-response","139","2.1.0","563115","69f2b5f676aaf78f77d69d16","prolific","69f2b5f676aaf78f77d69d16","6a06508679bbd857881fcea0","6a0657cdf487e157baa5f092","4","accent_credibility_four_speakers","","","","","","","","","48","48F","48","Audio item 48","F","false","main","false","non_native_1","Non-native Speaker 1","non_native","audio/non_native_1/6bqg3s4g4q_48F_audio.webm?v=2026-05-12-native2-refresh","7","6","6","0","14","definitely false","definitely true","","","","",""
"speaker_difficulty_rating","1636","
    <div class=""study-box center-text truth-scale-trial"">
      <div class=""big-question"">How easy or difficult was this speaker to understand?</div>
    </div>
  ","6","html-slider-response","140","2.1.0","564755","69f2b5f676aaf78f77d69d16","prolific","69f2b5f676aaf78f77d69d16","6a06508679bbd857881fcea0","6a0657cdf487e157baa5f092","4","accent_credibility_four_speakers","","","","","","","","","48","48F","48","Audio item 48","F","false","main","false","non_native_1","Non-native Speaker 1","non_native","audio/non_native_1/6bqg3s4g4q_48F_audio.webm?v=2026-05-12-native2-refresh","7","","","","","","","6","0","14","Very easy","Very difficult"
"audio_presentation","null","audio/filler_talker/7brghu4wnv_F7T_audio.webm?v=2026-05-12-native2-refresh","null","audio-keyboard-response","141","2.1.1","569069","69f2b5f676aaf78f77d69d16","prolific","69f2b5f676aaf78f77d69d16","6a06508679bbd857881fcea0","6a0657cdf487e157baa5f092","4","accent_credibility_four_speakers","","","","","","","","","F7","F7T","7","Audio item F7","T","true","filler","true","filler_talker","Filler Talker","filler","audio/filler_talker/7brghu4wnv_F7T_audio.webm?v=2026-05-12-native2-refresh","","","","","","","","","","","",""
"truth_judgment","2794","
    <div class=""study-box center-text truth-scale-trial"">
      <div class=""big-question"">How true do you think the statement you just heard is?</div>
    </div>
  ","0","html-slider-response","142","2.1.0","571867","69f2b5f676aaf78f77d69d16","prolific","69f2b5f676aaf78f77d69d16","6a06508679bbd857881fcea0","6a0657cdf487e157baa5f092","4","accent_credibility_four_speakers","","","","","","","","","F7","F7T","7","Audio item F7","T","true","filler","true","filler_talker","Filler Talker","filler","audio/filler_talker/7brghu4wnv_F7T_audio.webm?v=2026-05-12-native2-refresh","7","0","0","0","14","definitely false","definitely true","","","","",""
"speaker_difficulty_rating","2880","
    <div class=""study-box center-text truth-scale-trial"">
      <div class=""big-question"">How easy or difficult was this speaker to understand?</div>
    </div>
  ","0","html-slider-response","143","2.1.0","574751","69f2b5f676aaf78f77d69d16","prolific","69f2b5f676aaf78f77d69d16","6a06508679bbd857881fcea0","6a0657cdf487e157baa5f092","4","accent_credibility_four_speakers","","","","","","","","","F7","F7T","7","Audio item F7","T","true","filler","true","filler_talker","Filler Talker","filler","audio/filler_talker/7brghu4wnv_F7T_audio.webm?v=2026-05-12-native2-refresh","7","","","","","","","0","0","14","Very easy","Very difficult"
"audio_presentation","null","audio/native_2/6nhu1nbwba_23T_audio.webm?v=2026-05-12-native2-refresh","null","audio-keyboard-response","144","2.1.1","578723","69f2b5f676aaf78f77d69d16","prolific","69f2b5f676aaf78f77d69d16","6a06508679bbd857881fcea0","6a0657cdf487e157baa5f092","4","accent_credibility_four_speakers","","","","","","","","","23","23T","23","Audio item 23","T","true","main","false","native_2","Native Speaker 2","native","audio/native_2/6nhu1nbwba_23T_audio.webm?v=2026-05-12-native2-refresh","","","","","","","","","","","",""
"truth_judgment","1937","
    <div class=""study-box center-text truth-scale-trial"">
      <div class=""big-question"">How true do you think the statement you just heard is?</div>
    </div>
  ","0","html-slider-response","145","2.1.0","580664","69f2b5f676aaf78f77d69d16","prolific","69f2b5f676aaf78f77d69d16","6a06508679bbd857881fcea0","6a0657cdf487e157baa5f092","4","accent_credibility_four_speakers","","","","","","","","","23","23T","23","Audio item 23","T","true","main","false","native_2","Native Speaker 2","native","audio/native_2/6nhu1nbwba_23T_audio.webm?v=2026-05-12-native2-refresh","7","0","0","0","14","definitely false","definitely true","","","","",""
"speaker_difficulty_rating","2283","
    <div class=""study-box center-text truth-scale-trial"">
      <div class=""big-question"">How easy or difficult was this speaker to understand?</div>
    </div>
  ","0","html-slider-response","146","2.1.0","582951","69f2b5f676aaf78f77d69d16","prolific","69f2b5f676aaf78f77d69d16","6a06508679bbd857881fcea0","6a0657cdf487e157baa5f092","4","accent_credibility_four_speakers","","","","","","","","","23","23T","23","Audio item 23","T","true","main","false","native_2","Native Speaker 2","native","audio/native_2/6nhu1nbwba_23T_audio.webm?v=2026-05-12-native2-refresh","7","","","","","","","0","0","14","Very easy","Very difficult"
"audio_presentation","null","audio/filler_talker/7brghu4wnv_F4F_audio.webm?v=2026-05-12-native2-refresh","null","audio-keyboard-response","147","2.1.1","586915","69f2b5f676aaf78f77d69d16","prolific","69f2b5f676aaf78f77d69d16","6a06508679bbd857881fcea0","6a0657cdf487e157baa5f092","4","accent_credibility_four_speakers","","","","","","","","","F4","F4F","4","Audio item F4","F","false","filler","true","filler_talker","Filler Talker","filler","audio/filler_talker/7brghu4wnv_F4F_audio.webm?v=2026-05-12-native2-refresh","","","","","","","","","","","",""
"truth_judgment","4425","
    <div class=""study-box center-text truth-scale-trial"">
      <div class=""big-question"">How true do you think the statement you just heard is?</div>
    </div>
  ","0","html-slider-response","148","2.1.0","591343","69f2b5f676aaf78f77d69d16","prolific","69f2b5f676aaf78f77d69d16","6a06508679bbd857881fcea0","6a0657cdf487e157baa5f092","4","accent_credibility_four_speakers","","","","","","","","","F4","F4F","4","Audio item F4","F","false","filler","true","filler_talker","Filler Talker","filler","audio/filler_talker/7brghu4wnv_F4F_audio.webm?v=2026-05-12-native2-refresh","7","0","0","0","14","definitely false","definitely true","","","","",""
"speaker_difficulty_rating","2100","
    <div class=""study-box center-text truth-scale-trial"">
      <div class=""big-question"">How easy or difficult was this speaker to understand?</div>
    </div>
  ","0","html-slider-response","149","2.1.0","593447","69f2b5f676aaf78f77d69d16","prolific","69f2b5f676aaf78f77d69d16","6a06508679bbd857881fcea0","6a0657cdf487e157baa5f092","4","accent_credibility_four_speakers","","","","","","","","","F4","F4F","4","Audio item F4","F","false","filler","true","filler_talker","Filler Talker","filler","audio/filler_talker/7brghu4wnv_F4F_audio.webm?v=2026-05-12-native2-refresh","7","","","","","","","0","0","14","Very easy","Very difficult"
"audio_presentation","null","audio/native_1/ha77v84840_10T_audio.webm?v=2026-05-12-native2-refresh","null","audio-keyboard-response","150","2.1.1","597827","69f2b5f676aaf78f77d69d16","prolific","69f2b5f676aaf78f77d69d16","6a06508679bbd857881fcea0","6a0657cdf487e157baa5f092","4","accent_credibility_four_speakers","","","","","","","","","10","10T","10","Audio item 10","T","true","main","false","native_1","Native Speaker 1","native","audio/native_1/ha77v84840_10T_audio.webm?v=2026-05-12-native2-refresh","","","","","","","","","","","",""
"truth_judgment","3917","
    <div class=""study-box center-text truth-scale-trial"">
      <div class=""big-question"">How true do you think the statement you just heard is?</div>
    </div>
  ","7","html-slider-response","151","2.1.0","601747","69f2b5f676aaf78f77d69d16","prolific","69f2b5f676aaf78f77d69d16","6a06508679bbd857881fcea0","6a0657cdf487e157baa5f092","4","accent_credibility_four_speakers","","","","","","","","","10","10T","10","Audio item 10","T","true","main","false","native_1","Native Speaker 1","native","audio/native_1/ha77v84840_10T_audio.webm?v=2026-05-12-native2-refresh","7","7","7","0","14","definitely false","definitely true","","","","",""
"speaker_difficulty_rating","2152","
    <div class=""study-box center-text truth-scale-trial"">
      <div class=""big-question"">How easy or difficult was this speaker to understand?</div>
    </div>
  ","0","html-slider-response","152","2.1.0","603903","69f2b5f676aaf78f77d69d16","prolific","69f2b5f676aaf78f77d69d16","6a06508679bbd857881fcea0","6a0657cdf487e157baa5f092","4","accent_credibility_four_speakers","","","","","","","","","10","10T","10","Audio item 10","T","true","main","false","native_1","Native Speaker 1","native","audio/native_1/ha77v84840_10T_audio.webm?v=2026-05-12-native2-refresh","7","","","","","","","0","0","14","Very easy","Very difficult"
"audio_presentation","null","audio/non_native_2/2j7bwre4ol_5F_audio.webm?v=2026-05-12-native2-refresh","null","audio-keyboard-response","153","2.1.1","608770","69f2b5f676aaf78f77d69d16","prolific","69f2b5f676aaf78f77d69d16","6a06508679bbd857881fcea0","6a0657cdf487e157baa5f092","4","accent_credibility_four_speakers","","","","","","","","","5","5F","5","Audio item 5","F","false","main","false","non_native_2","Non-native Speaker 2","non_native","audio/non_native_2/2j7bwre4ol_5F_audio.webm?v=2026-05-12-native2-refresh","","","","","","","","","","","",""
"truth_judgment","3633","
    <div class=""study-box center-text truth-scale-trial"">
      <div class=""big-question"">How true do you think the statement you just heard is?</div>
    </div>
  ","7","html-slider-response","154","2.1.0","612407","69f2b5f676aaf78f77d69d16","prolific","69f2b5f676aaf78f77d69d16","6a06508679bbd857881fcea0","6a0657cdf487e157baa5f092","4","accent_credibility_four_speakers","","","","","","","","","5","5F","5","Audio item 5","F","false","main","false","non_native_2","Non-native Speaker 2","non_native","audio/non_native_2/2j7bwre4ol_5F_audio.webm?v=2026-05-12-native2-refresh","7","7","7","0","14","definitely false","definitely true","","","","",""
"speaker_difficulty_rating","2163","
    <div class=""study-box center-text truth-scale-trial"">
      <div class=""big-question"">How easy or difficult was this speaker to understand?</div>
    </div>
  ","7","html-slider-response","155","2.1.0","614574","69f2b5f676aaf78f77d69d16","prolific","69f2b5f676aaf78f77d69d16","6a06508679bbd857881fcea0","6a0657cdf487e157baa5f092","4","accent_credibility_four_speakers","","","","","","","","","5","5F","5","Audio item 5","F","false","main","false","non_native_2","Non-native Speaker 2","non_native","audio/non_native_2/2j7bwre4ol_5F_audio.webm?v=2026-05-12-native2-refresh","7","","","","","","","7","0","14","Very easy","Very difficult"
"audio_presentation","null","audio/native_2/6nhu1nbwba_15T_audio.webm?v=2026-05-12-native2-refresh","null","audio-keyboard-response","156","2.1.1","620281","69f2b5f676aaf78f77d69d16","prolific","69f2b5f676aaf78f77d69d16","6a06508679bbd857881fcea0","6a0657cdf487e157baa5f092","4","accent_credibility_four_speakers","","","","","","","","","15","15T","15","Audio item 15","T","true","main","false","native_2","Native Speaker 2","native","audio/native_2/6nhu1nbwba_15T_audio.webm?v=2026-05-12-native2-refresh","","","","","","","","","","","",""
"truth_judgment","1812","
    <div class=""study-box center-text truth-scale-trial"">
      <div class=""big-question"">How true do you think the statement you just heard is?</div>
    </div>
  ","6","html-slider-response","157","2.1.0","622096","69f2b5f676aaf78f77d69d16","prolific","69f2b5f676aaf78f77d69d16","6a06508679bbd857881fcea0","6a0657cdf487e157baa5f092","4","accent_credibility_four_speakers","","","","","","","","","15","15T","15","Audio item 15","T","true","main","false","native_2","Native Speaker 2","native","audio/native_2/6nhu1nbwba_15T_audio.webm?v=2026-05-12-native2-refresh","7","6","6","0","14","definitely false","definitely true","","","","",""
"speaker_difficulty_rating","5168","
    <div class=""study-box center-text truth-scale-trial"">
      <div class=""big-question"">How easy or difficult was this speaker to understand?</div>
    </div>
  ","0","html-slider-response","158","2.1.0","627268","69f2b5f676aaf78f77d69d16","prolific","69f2b5f676aaf78f77d69d16","6a06508679bbd857881fcea0","6a0657cdf487e157baa5f092","4","accent_credibility_four_speakers","","","","","","","","","15","15T","15","Audio item 15","T","true","main","false","native_2","Native Speaker 2","native","audio/native_2/6nhu1nbwba_15T_audio.webm?v=2026-05-12-native2-refresh","7","","","","","","","0","0","14","Very easy","Very difficult"
"audio_presentation","null","audio/filler_talker/7brghu4wnv_F5F_audio.webm?v=2026-05-12-native2-refresh","null","audio-keyboard-response","159","2.1.1","630936","69f2b5f676aaf78f77d69d16","prolific","69f2b5f676aaf78f77d69d16","6a06508679bbd857881fcea0","6a0657cdf487e157baa5f092","4","accent_credibility_four_speakers","","","","","","","","","F5","F5F","5","Audio item F5","F","false","filler","true","filler_talker","Filler Talker","filler","audio/filler_talker/7brghu4wnv_F5F_audio.webm?v=2026-05-12-native2-refresh","","","","","","","","","","","",""
"truth_judgment","2431","
    <div class=""study-box center-text truth-scale-trial"">
      <div class=""big-question"">How true do you think the statement you just heard is?</div>
    </div>
  ","7","html-slider-response","160","2.1.0","633371","69f2b5f676aaf78f77d69d16","prolific","69f2b5f676aaf78f77d69d16","6a06508679bbd857881fcea0","6a0657cdf487e157baa5f092","4","accent_credibility_four_speakers","","","","","","","","","F5","F5F","5","Audio item F5","F","false","filler","true","filler_talker","Filler Talker","filler","audio/filler_talker/7brghu4wnv_F5F_audio.webm?v=2026-05-12-native2-refresh","7","7","7","0","14","definitely false","definitely true","","","","",""
"speaker_difficulty_rating","2289","
    <div class=""study-box center-text truth-scale-trial"">
      <div class=""big-question"">How easy or difficult was this speaker to understand?</div>
    </div>
  ","0","html-slider-response","161","2.1.0","635663","69f2b5f676aaf78f77d69d16","prolific","69f2b5f676aaf78f77d69d16","6a06508679bbd857881fcea0","6a0657cdf487e157baa5f092","4","accent_credibility_four_speakers","","","","","","","","","F5","F5F","5","Audio item F5","F","false","filler","true","filler_talker","Filler Talker","filler","audio/filler_talker/7brghu4wnv_F5F_audio.webm?v=2026-05-12-native2-refresh","7","","","","","","","0","0","14","Very easy","Very difficult"
"audio_presentation","null","audio/native_2/6nhu1nbwba_27T_audio.webm?v=2026-05-12-native2-refresh","null","audio-keyboard-response","162","2.1.1","638787","69f2b5f676aaf78f77d69d16","prolific","69f2b5f676aaf78f77d69d16","6a06508679bbd857881fcea0","6a0657cdf487e157baa5f092","4","accent_credibility_four_speakers","","","","","","","","","27","27T","27","Audio item 27","T","true","main","false","native_2","Native Speaker 2","native","audio/native_2/6nhu1nbwba_27T_audio.webm?v=2026-05-12-native2-refresh","","","","","","","","","","","",""
"truth_judgment","3822","
    <div class=""study-box center-text truth-scale-trial"">
      <div class=""big-question"">How true do you think the statement you just heard is?</div>
    </div>
  ","7","html-slider-response","163","2.1.0","642612","69f2b5f676aaf78f77d69d16","prolific","69f2b5f676aaf78f77d69d16","6a06508679bbd857881fcea0","6a0657cdf487e157baa5f092","4","accent_credibility_four_speakers","","","","","","","","","27","27T","27","Audio item 27","T","true","main","false","native_2","Native Speaker 2","native","audio/native_2/6nhu1nbwba_27T_audio.webm?v=2026-05-12-native2-refresh","7","7","7","0","14","definitely false","definitely true","","","","",""
"speaker_difficulty_rating","2719","
    <div class=""study-box center-text truth-scale-trial"">
      <div class=""big-question"">How easy or difficult was this speaker to understand?</div>
    </div>
  ","0","html-slider-response","164","2.1.0","645335","69f2b5f676aaf78f77d69d16","prolific","69f2b5f676aaf78f77d69d16","6a06508679bbd857881fcea0","6a0657cdf487e157baa5f092","4","accent_credibility_four_speakers","","","","","","","","","27","27T","27","Audio item 27","T","true","main","false","native_2","Native Speaker 2","native","audio/native_2/6nhu1nbwba_27T_audio.webm?v=2026-05-12-native2-refresh","7","","","","","","","0","0","14","Very easy","Very difficult"
"audio_presentation","null","audio/non_native_2/2j7bwre4ol_29F_audio.webm?v=2026-05-12-native2-refresh","null","audio-keyboard-response","165","2.1.1","650926","69f2b5f676aaf78f77d69d16","prolific","69f2b5f676aaf78f77d69d16","6a06508679bbd857881fcea0","6a0657cdf487e157baa5f092","4","accent_credibility_four_speakers","","","","","","","","","29","29F","29","Audio item 29","F","false","main","false","non_native_2","Non-native Speaker 2","non_native","audio/non_native_2/2j7bwre4ol_29F_audio.webm?v=2026-05-12-native2-refresh","","","","","","","","","","","",""
"truth_judgment","2355","
    <div class=""study-box center-text truth-scale-trial"">
      <div class=""big-question"">How true do you think the statement you just heard is?</div>
    </div>
  ","0","html-slider-response","166","2.1.0","653284","69f2b5f676aaf78f77d69d16","prolific","69f2b5f676aaf78f77d69d16","6a06508679bbd857881fcea0","6a0657cdf487e157baa5f092","4","accent_credibility_four_speakers","","","","","","","","","29","29F","29","Audio item 29","F","false","main","false","non_native_2","Non-native Speaker 2","non_native","audio/non_native_2/2j7bwre4ol_29F_audio.webm?v=2026-05-12-native2-refresh","7","0","0","0","14","definitely false","definitely true","","","","",""
"speaker_difficulty_rating","2075","
    <div class=""study-box center-text truth-scale-trial"">
      <div class=""big-question"">How easy or difficult was this speaker to understand?</div>
    </div>
  ","0","html-slider-response","167","2.1.0","655364","69f2b5f676aaf78f77d69d16","prolific","69f2b5f676aaf78f77d69d16","6a06508679bbd857881fcea0","6a0657cdf487e157baa5f092","4","accent_credibility_four_speakers","","","","","","","","","29","29F","29","Audio item 29","F","false","main","false","non_native_2","Non-native Speaker 2","non_native","audio/non_native_2/2j7bwre4ol_29F_audio.webm?v=2026-05-12-native2-refresh","7","","","","","","","0","0","14","Very easy","Very difficult"
"audio_presentation","null","audio/non_native_2/2j7bwre4ol_45F_audio.webm?v=2026-05-12-native2-refresh","null","audio-keyboard-response","168","2.1.1","659512","69f2b5f676aaf78f77d69d16","prolific","69f2b5f676aaf78f77d69d16","6a06508679bbd857881fcea0","6a0657cdf487e157baa5f092","4","accent_credibility_four_speakers","","","","","","","","","45","45F","45","Audio item 45","F","false","main","false","non_native_2","Non-native Speaker 2","non_native","audio/non_native_2/2j7bwre4ol_45F_audio.webm?v=2026-05-12-native2-refresh","","","","","","","","","","","",""
"truth_judgment","3428","
    <div class=""study-box center-text truth-scale-trial"">
      <div class=""big-question"">How true do you think the statement you just heard is?</div>
    </div>
  ","7","html-slider-response","169","2.1.0","662944","69f2b5f676aaf78f77d69d16","prolific","69f2b5f676aaf78f77d69d16","6a06508679bbd857881fcea0","6a0657cdf487e157baa5f092","4","accent_credibility_four_speakers","","","","","","","","","45","45F","45","Audio item 45","F","false","main","false","non_native_2","Non-native Speaker 2","non_native","audio/non_native_2/2j7bwre4ol_45F_audio.webm?v=2026-05-12-native2-refresh","7","7","7","0","14","definitely false","definitely true","","","","",""
"speaker_difficulty_rating","4096","
    <div class=""study-box center-text truth-scale-trial"">
      <div class=""big-question"">How easy or difficult was this speaker to understand?</div>
    </div>
  ","2","html-slider-response","170","2.1.0","667045","69f2b5f676aaf78f77d69d16","prolific","69f2b5f676aaf78f77d69d16","6a06508679bbd857881fcea0","6a0657cdf487e157baa5f092","4","accent_credibility_four_speakers","","","","","","","","","45","45F","45","Audio item 45","F","false","main","false","non_native_2","Non-native Speaker 2","non_native","audio/non_native_2/2j7bwre4ol_45F_audio.webm?v=2026-05-12-native2-refresh","7","","","","","","","2","0","14","Very easy","Very difficult"
"audio_presentation","null","audio/filler_talker/7brghu4wnv_F1T_audio.webm?v=2026-05-12-native2-refresh","null","audio-keyboard-response","171","2.1.1","671427","69f2b5f676aaf78f77d69d16","prolific","69f2b5f676aaf78f77d69d16","6a06508679bbd857881fcea0","6a0657cdf487e157baa5f092","4","accent_credibility_four_speakers","","","","","","","","","F1","F1T","1","Audio item F1","T","true","filler","true","filler_talker","Filler Talker","filler","audio/filler_talker/7brghu4wnv_F1T_audio.webm?v=2026-05-12-native2-refresh","","","","","","","","","","","",""
"truth_judgment","2910","
    <div class=""study-box center-text truth-scale-trial"">
      <div class=""big-question"">How true do you think the statement you just heard is?</div>
    </div>
  ","0","html-slider-response","172","2.1.0","674341","69f2b5f676aaf78f77d69d16","prolific","69f2b5f676aaf78f77d69d16","6a06508679bbd857881fcea0","6a0657cdf487e157baa5f092","4","accent_credibility_four_speakers","","","","","","","","","F1","F1T","1","Audio item F1","T","true","filler","true","filler_talker","Filler Talker","filler","audio/filler_talker/7brghu4wnv_F1T_audio.webm?v=2026-05-12-native2-refresh","7","0","0","0","14","definitely false","definitely true","","","","",""
"speaker_difficulty_rating","2313","
    <div class=""study-box center-text truth-scale-trial"">
      <div class=""big-question"">How easy or difficult was this speaker to understand?</div>
    </div>
  ","0","html-slider-response","173","2.1.0","676659","69f2b5f676aaf78f77d69d16","prolific","69f2b5f676aaf78f77d69d16","6a06508679bbd857881fcea0","6a0657cdf487e157baa5f092","4","accent_credibility_four_speakers","","","","","","","","","F1","F1T","1","Audio item F1","T","true","filler","true","filler_talker","Filler Talker","filler","audio/filler_talker/7brghu4wnv_F1T_audio.webm?v=2026-05-12-native2-refresh","7","","","","","","","0","0","14","Very easy","Very difficult"
"audio_presentation","null","audio/non_native_2/2j7bwre4ol_17T_audio.webm?v=2026-05-12-native2-refresh","null","audio-keyboard-response","174","2.1.1","680195","69f2b5f676aaf78f77d69d16","prolific","69f2b5f676aaf78f77d69d16","6a06508679bbd857881fcea0","6a0657cdf487e157baa5f092","4","accent_credibility_four_speakers","","","","","","","","","17","17T","17","Audio item 17","T","true","main","false","non_native_2","Non-native Speaker 2","non_native","audio/non_native_2/2j7bwre4ol_17T_audio.webm?v=2026-05-12-native2-refresh","","","","","","","","","","","",""
"truth_judgment","3893","
    <div class=""study-box center-text truth-scale-trial"">
      <div class=""big-question"">How true do you think the statement you just heard is?</div>
    </div>
  ","7","html-slider-response","175","2.1.0","684091","69f2b5f676aaf78f77d69d16","prolific","69f2b5f676aaf78f77d69d16","6a06508679bbd857881fcea0","6a0657cdf487e157baa5f092","4","accent_credibility_four_speakers","","","","","","","","","17","17T","17","Audio item 17","T","true","main","false","non_native_2","Non-native Speaker 2","non_native","audio/non_native_2/2j7bwre4ol_17T_audio.webm?v=2026-05-12-native2-refresh","7","7","7","0","14","definitely false","definitely true","","","","",""
"speaker_difficulty_rating","1744","
    <div class=""study-box center-text truth-scale-trial"">
      <div class=""big-question"">How easy or difficult was this speaker to understand?</div>
    </div>
  ","12","html-slider-response","176","2.1.0","685839","69f2b5f676aaf78f77d69d16","prolific","69f2b5f676aaf78f77d69d16","6a06508679bbd857881fcea0","6a0657cdf487e157baa5f092","4","accent_credibility_four_speakers","","","","","","","","","17","17T","17","Audio item 17","T","true","main","false","non_native_2","Non-native Speaker 2","non_native","audio/non_native_2/2j7bwre4ol_17T_audio.webm?v=2026-05-12-native2-refresh","7","","","","","","","12","0","14","Very easy","Very difficult"
"audio_presentation","null","audio/native_2/6nhu1nbwba_31F_audio.webm?v=2026-05-12-native2-refresh","null","audio-keyboard-response","177","2.1.1","690104","69f2b5f676aaf78f77d69d16","prolific","69f2b5f676aaf78f77d69d16","6a06508679bbd857881fcea0","6a0657cdf487e157baa5f092","4","accent_credibility_four_speakers","","","","","","","","","31","31F","31","Audio item 31","F","false","main","false","native_2","Native Speaker 2","native","audio/native_2/6nhu1nbwba_31F_audio.webm?v=2026-05-12-native2-refresh","","","","","","","","","","","",""
"truth_judgment","3864","
    <div class=""study-box center-text truth-scale-trial"">
      <div class=""big-question"">How true do you think the statement you just heard is?</div>
    </div>
  ","7","html-slider-response","178","2.1.0","693972","69f2b5f676aaf78f77d69d16","prolific","69f2b5f676aaf78f77d69d16","6a06508679bbd857881fcea0","6a0657cdf487e157baa5f092","4","accent_credibility_four_speakers","","","","","","","","","31","31F","31","Audio item 31","F","false","main","false","native_2","Native Speaker 2","native","audio/native_2/6nhu1nbwba_31F_audio.webm?v=2026-05-12-native2-refresh","7","7","7","0","14","definitely false","definitely true","","","","",""
"speaker_difficulty_rating","5160","
    <div class=""study-box center-text truth-scale-trial"">
      <div class=""big-question"">How easy or difficult was this speaker to understand?</div>
    </div>
  ","6","html-slider-response","179","2.1.0","699136","69f2b5f676aaf78f77d69d16","prolific","69f2b5f676aaf78f77d69d16","6a06508679bbd857881fcea0","6a0657cdf487e157baa5f092","4","accent_credibility_four_speakers","","","","","","","","","31","31F","31","Audio item 31","F","false","main","false","native_2","Native Speaker 2","native","audio/native_2/6nhu1nbwba_31F_audio.webm?v=2026-05-12-native2-refresh","7","","","","","","","6","0","14","Very easy","Very difficult"
"audio_presentation","null","audio/filler_talker/7brghu4wnv_F11T_audio.webm?v=2026-05-12-native2-refresh","null","audio-keyboard-response","180","2.1.1","704301","69f2b5f676aaf78f77d69d16","prolific","69f2b5f676aaf78f77d69d16","6a06508679bbd857881fcea0","6a0657cdf487e157baa5f092","4","accent_credibility_four_speakers","","","","","","","","","F11","F11T","11","Audio item F11","T","true","filler","true","filler_talker","Filler Talker","filler","audio/filler_talker/7brghu4wnv_F11T_audio.webm?v=2026-05-12-native2-refresh","","","","","","","","","","","",""
"truth_judgment","3315","
    <div class=""study-box center-text truth-scale-trial"">
      <div class=""big-question"">How true do you think the statement you just heard is?</div>
    </div>
  ","0","html-slider-response","181","2.1.0","707621","69f2b5f676aaf78f77d69d16","prolific","69f2b5f676aaf78f77d69d16","6a06508679bbd857881fcea0","6a0657cdf487e157baa5f092","4","accent_credibility_four_speakers","","","","","","","","","F11","F11T","11","Audio item F11","T","true","filler","true","filler_talker","Filler Talker","filler","audio/filler_talker/7brghu4wnv_F11T_audio.webm?v=2026-05-12-native2-refresh","7","0","0","0","14","definitely false","definitely true","","","","",""
"speaker_difficulty_rating","3138","
    <div class=""study-box center-text truth-scale-trial"">
      <div class=""big-question"">How easy or difficult was this speaker to understand?</div>
    </div>
  ","0","html-slider-response","182","2.1.0","710763","69f2b5f676aaf78f77d69d16","prolific","69f2b5f676aaf78f77d69d16","6a06508679bbd857881fcea0","6a0657cdf487e157baa5f092","4","accent_credibility_four_speakers","","","","","","","","","F11","F11T","11","Audio item F11","T","true","filler","true","filler_talker","Filler Talker","filler","audio/filler_talker/7brghu4wnv_F11T_audio.webm?v=2026-05-12-native2-refresh","7","","","","","","","0","0","14","Very easy","Very difficult"
"audio_presentation","null","audio/filler_talker/7brghu4wnv_F2T_audio.webm?v=2026-05-12-native2-refresh","null","audio-keyboard-response","183","2.1.1","716653","69f2b5f676aaf78f77d69d16","prolific","69f2b5f676aaf78f77d69d16","6a06508679bbd857881fcea0","6a0657cdf487e157baa5f092","4","accent_credibility_four_speakers","","","","","","","","","F2","F2T","2","Audio item F2","T","true","filler","true","filler_talker","Filler Talker","filler","audio/filler_talker/7brghu4wnv_F2T_audio.webm?v=2026-05-12-native2-refresh","","","","","","","","","","","",""
"truth_judgment","2324","
    <div class=""study-box center-text truth-scale-trial"">
      <div class=""big-question"">How true do you think the statement you just heard is?</div>
    </div>
  ","0","html-slider-response","184","2.1.0","718980","69f2b5f676aaf78f77d69d16","prolific","69f2b5f676aaf78f77d69d16","6a06508679bbd857881fcea0","6a0657cdf487e157baa5f092","4","accent_credibility_four_speakers","","","","","","","","","F2","F2T","2","Audio item F2","T","true","filler","true","filler_talker","Filler Talker","filler","audio/filler_talker/7brghu4wnv_F2T_audio.webm?v=2026-05-12-native2-refresh","7","0","0","0","14","definitely false","definitely true","","","","",""
"speaker_difficulty_rating","2195","
    <div class=""study-box center-text truth-scale-trial"">
      <div class=""big-question"">How easy or difficult was this speaker to understand?</div>
    </div>
  ","0","html-slider-response","185","2.1.0","721179","69f2b5f676aaf78f77d69d16","prolific","69f2b5f676aaf78f77d69d16","6a06508679bbd857881fcea0","6a0657cdf487e157baa5f092","4","accent_credibility_four_speakers","","","","","","","","","F2","F2T","2","Audio item F2","T","true","filler","true","filler_talker","Filler Talker","filler","audio/filler_talker/7brghu4wnv_F2T_audio.webm?v=2026-05-12-native2-refresh","7","","","","","","","0","0","14","Very easy","Very difficult"
"audio_presentation","null","audio/non_native_2/2j7bwre4ol_21F_audio.webm?v=2026-05-12-native2-refresh","null","audio-keyboard-response","186","2.1.1","725379","69f2b5f676aaf78f77d69d16","prolific","69f2b5f676aaf78f77d69d16","6a06508679bbd857881fcea0","6a0657cdf487e157baa5f092","4","accent_credibility_four_speakers","","","","","","","","","21","21F","21","Audio item 21","F","false","main","false","non_native_2","Non-native Speaker 2","non_native","audio/non_native_2/2j7bwre4ol_21F_audio.webm?v=2026-05-12-native2-refresh","","","","","","","","","","","",""
"truth_judgment","2181","
    <div class=""study-box center-text truth-scale-trial"">
      <div class=""big-question"">How true do you think the statement you just heard is?</div>
    </div>
  ","7","html-slider-response","187","2.1.0","727564","69f2b5f676aaf78f77d69d16","prolific","69f2b5f676aaf78f77d69d16","6a06508679bbd857881fcea0","6a0657cdf487e157baa5f092","4","accent_credibility_four_speakers","","","","","","","","","21","21F","21","Audio item 21","F","false","main","false","non_native_2","Non-native Speaker 2","non_native","audio/non_native_2/2j7bwre4ol_21F_audio.webm?v=2026-05-12-native2-refresh","7","7","7","0","14","definitely false","definitely true","","","","",""
"speaker_difficulty_rating","4908","
    <div class=""study-box center-text truth-scale-trial"">
      <div class=""big-question"">How easy or difficult was this speaker to understand?</div>
    </div>
  ","0","html-slider-response","188","2.1.0","732476","69f2b5f676aaf78f77d69d16","prolific","69f2b5f676aaf78f77d69d16","6a06508679bbd857881fcea0","6a0657cdf487e157baa5f092","4","accent_credibility_four_speakers","","","","","","","","","21","21F","21","Audio item 21","F","false","main","false","non_native_2","Non-native Speaker 2","non_native","audio/non_native_2/2j7bwre4ol_21F_audio.webm?v=2026-05-12-native2-refresh","7","","","","","","","0","0","14","Very easy","Very difficult"
"audio_presentation","null","audio/filler_talker/7brghu4wnv_F8F_audio.webm?v=2026-05-12-native2-refresh","null","audio-keyboard-response","189","2.1.1","738296","69f2b5f676aaf78f77d69d16","prolific","69f2b5f676aaf78f77d69d16","6a06508679bbd857881fcea0","6a0657cdf487e157baa5f092","4","accent_credibility_four_speakers","","","","","","","","","F8","F8F","8","Audio item F8","F","false","filler","true","filler_talker","Filler Talker","filler","audio/filler_talker/7brghu4wnv_F8F_audio.webm?v=2026-05-12-native2-refresh","","","","","","","","","","","",""
"truth_judgment","2384","
    <div class=""study-box center-text truth-scale-trial"">
      <div class=""big-question"">How true do you think the statement you just heard is?</div>
    </div>
  ","7","html-slider-response","190","2.1.0","740683","69f2b5f676aaf78f77d69d16","prolific","69f2b5f676aaf78f77d69d16","6a06508679bbd857881fcea0","6a0657cdf487e157baa5f092","4","accent_credibility_four_speakers","","","","","","","","","F8","F8F","8","Audio item F8","F","false","filler","true","filler_talker","Filler Talker","filler","audio/filler_talker/7brghu4wnv_F8F_audio.webm?v=2026-05-12-native2-refresh","7","7","7","0","14","definitely false","definitely true","","","","",""
"speaker_difficulty_rating","3060","
    <div class=""study-box center-text truth-scale-trial"">
      <div class=""big-question"">How easy or difficult was this speaker to understand?</div>
    </div>
  ","0","html-slider-response","191","2.1.0","743747","69f2b5f676aaf78f77d69d16","prolific","69f2b5f676aaf78f77d69d16","6a06508679bbd857881fcea0","6a0657cdf487e157baa5f092","4","accent_credibility_four_speakers","","","","","","","","","F8","F8F","8","Audio item F8","F","false","filler","true","filler_talker","Filler Talker","filler","audio/filler_talker/7brghu4wnv_F8F_audio.webm?v=2026-05-12-native2-refresh","7","","","","","","","0","0","14","Very easy","Very difficult"
"audio_presentation","null","audio/native_1/ha77v84840_30F_audio.webm?v=2026-05-12-native2-refresh","null","audio-keyboard-response","192","2.1.1","747949","69f2b5f676aaf78f77d69d16","prolific","69f2b5f676aaf78f77d69d16","6a06508679bbd857881fcea0","6a0657cdf487e157baa5f092","4","accent_credibility_four_speakers","","","","","","","","","30","30F","30","Audio item 30","F","false","main","false","native_1","Native Speaker 1","native","audio/native_1/ha77v84840_30F_audio.webm?v=2026-05-12-native2-refresh","","","","","","","","","","","",""
"truth_judgment","1555","
    <div class=""study-box center-text truth-scale-trial"">
      <div class=""big-question"">How true do you think the statement you just heard is?</div>
    </div>
  ","7","html-slider-response","193","2.1.0","749508","69f2b5f676aaf78f77d69d16","prolific","69f2b5f676aaf78f77d69d16","6a06508679bbd857881fcea0","6a0657cdf487e157baa5f092","4","accent_credibility_four_speakers","","","","","","","","","30","30F","30","Audio item 30","F","false","main","false","native_1","Native Speaker 1","native","audio/native_1/ha77v84840_30F_audio.webm?v=2026-05-12-native2-refresh","7","7","7","0","14","definitely false","definitely true","","","","",""
"speaker_difficulty_rating","1655","
    <div class=""study-box center-text truth-scale-trial"">
      <div class=""big-question"">How easy or difficult was this speaker to understand?</div>
    </div>
  ","0","html-slider-response","194","2.1.0","751167","69f2b5f676aaf78f77d69d16","prolific","69f2b5f676aaf78f77d69d16","6a06508679bbd857881fcea0","6a0657cdf487e157baa5f092","4","accent_credibility_four_speakers","","","","","","","","","30","30F","30","Audio item 30","F","false","main","false","native_1","Native Speaker 1","native","audio/native_1/ha77v84840_30F_audio.webm?v=2026-05-12-native2-refresh","7","","","","","","","0","0","14","Very easy","Very difficult"
"audio_presentation","null","audio/native_2/6nhu1nbwba_7T_audio.webm?v=2026-05-12-native2-refresh","null","audio-keyboard-response","195","2.1.1","754531","69f2b5f676aaf78f77d69d16","prolific","69f2b5f676aaf78f77d69d16","6a06508679bbd857881fcea0","6a0657cdf487e157baa5f092","4","accent_credibility_four_speakers","","","","","","","","","7","7T","7","Audio item 7","T","true","main","false","native_2","Native Speaker 2","native","audio/native_2/6nhu1nbwba_7T_audio.webm?v=2026-05-12-native2-refresh","","","","","","","","","","","",""
"truth_judgment","1741","
    <div class=""study-box center-text truth-scale-trial"">
      <div class=""big-question"">How true do you think the statement you just heard is?</div>
    </div>
  ","7","html-slider-response","196","2.1.0","756275","69f2b5f676aaf78f77d69d16","prolific","69f2b5f676aaf78f77d69d16","6a06508679bbd857881fcea0","6a0657cdf487e157baa5f092","4","accent_credibility_four_speakers","","","","","","","","","7","7T","7","Audio item 7","T","true","main","false","native_2","Native Speaker 2","native","audio/native_2/6nhu1nbwba_7T_audio.webm?v=2026-05-12-native2-refresh","7","7","7","0","14","definitely false","definitely true","","","","",""
"speaker_difficulty_rating","2125","
    <div class=""study-box center-text truth-scale-trial"">
      <div class=""big-question"">How easy or difficult was this speaker to understand?</div>
    </div>
  ","0","html-slider-response","197","2.1.0","758404","69f2b5f676aaf78f77d69d16","prolific","69f2b5f676aaf78f77d69d16","6a06508679bbd857881fcea0","6a0657cdf487e157baa5f092","4","accent_credibility_four_speakers","","","","","","","","","7","7T","7","Audio item 7","T","true","main","false","native_2","Native Speaker 2","native","audio/native_2/6nhu1nbwba_7T_audio.webm?v=2026-05-12-native2-refresh","7","","","","","","","0","0","14","Very easy","Very difficult"
"audio_presentation","null","audio/native_1/ha77v84840_26T_audio.webm?v=2026-05-12-native2-refresh","null","audio-keyboard-response","198","2.1.1","762904","69f2b5f676aaf78f77d69d16","prolific","69f2b5f676aaf78f77d69d16","6a06508679bbd857881fcea0","6a0657cdf487e157baa5f092","4","accent_credibility_four_speakers","","","","","","","","","26","26T","26","Audio item 26","T","true","main","false","native_1","Native Speaker 1","native","audio/native_1/ha77v84840_26T_audio.webm?v=2026-05-12-native2-refresh","","","","","","","","","","","",""
"truth_judgment","2593","
    <div class=""study-box center-text truth-scale-trial"">
      <div class=""big-question"">How true do you think the statement you just heard is?</div>
    </div>
  ","14","html-slider-response","199","2.1.0","765500","69f2b5f676aaf78f77d69d16","prolific","69f2b5f676aaf78f77d69d16","6a06508679bbd857881fcea0","6a0657cdf487e157baa5f092","4","accent_credibility_four_speakers","","","","","","","","","26","26T","26","Audio item 26","T","true","main","false","native_1","Native Speaker 1","native","audio/native_1/ha77v84840_26T_audio.webm?v=2026-05-12-native2-refresh","7","14","14","0","14","definitely false","definitely true","","","","",""
"speaker_difficulty_rating","5813","
    <div class=""study-box center-text truth-scale-trial"">
      <div class=""big-question"">How easy or difficult was this speaker to understand?</div>
    </div>
  ","0","html-slider-response","200","2.1.0","771316","69f2b5f676aaf78f77d69d16","prolific","69f2b5f676aaf78f77d69d16","6a06508679bbd857881fcea0","6a0657cdf487e157baa5f092","4","accent_credibility_four_speakers","","","","","","","","","26","26T","26","Audio item 26","T","true","main","false","native_1","Native Speaker 1","native","audio/native_1/ha77v84840_26T_audio.webm?v=2026-05-12-native2-refresh","7","","","","","","","0","0","14","Very easy","Very difficult"
"audio_presentation","null","audio/non_native_1/6bqg3s4g4q_40T_audio.webm?v=2026-05-12-native2-refresh","null","audio-keyboard-response","201","2.1.1","774563","69f2b5f676aaf78f77d69d16","prolific","69f2b5f676aaf78f77d69d16","6a06508679bbd857881fcea0","6a0657cdf487e157baa5f092","4","accent_credibility_four_speakers","","","","","","","","","40","40T","40","Audio item 40","T","true","main","false","non_native_1","Non-native Speaker 1","non_native","audio/non_native_1/6bqg3s4g4q_40T_audio.webm?v=2026-05-12-native2-refresh","","","","","","","","","","","",""
"truth_judgment","2825","
    <div class=""study-box center-text truth-scale-trial"">
      <div class=""big-question"">How true do you think the statement you just heard is?</div>
    </div>
  ","7","html-slider-response","202","2.1.0","777392","69f2b5f676aaf78f77d69d16","prolific","69f2b5f676aaf78f77d69d16","6a06508679bbd857881fcea0","6a0657cdf487e157baa5f092","4","accent_credibility_four_speakers","","","","","","","","","40","40T","40","Audio item 40","T","true","main","false","non_native_1","Non-native Speaker 1","non_native","audio/non_native_1/6bqg3s4g4q_40T_audio.webm?v=2026-05-12-native2-refresh","7","7","7","0","14","definitely false","definitely true","","","","",""
"speaker_difficulty_rating","1884","
    <div class=""study-box center-text truth-scale-trial"">
      <div class=""big-question"">How easy or difficult was this speaker to understand?</div>
    </div>
  ","0","html-slider-response","203","2.1.0","779279","69f2b5f676aaf78f77d69d16","prolific","69f2b5f676aaf78f77d69d16","6a06508679bbd857881fcea0","6a0657cdf487e157baa5f092","4","accent_credibility_four_speakers","","","","","","","","","40","40T","40","Audio item 40","T","true","main","false","non_native_1","Non-native Speaker 1","non_native","audio/non_native_1/6bqg3s4g4q_40T_audio.webm?v=2026-05-12-native2-refresh","7","","","","","","","0","0","14","Very easy","Very difficult"
"audio_presentation","null","audio/native_2/6nhu1nbwba_19T_audio.webm?v=2026-05-12-native2-refresh","null","audio-keyboard-response","204","2.1.1","782520","69f2b5f676aaf78f77d69d16","prolific","69f2b5f676aaf78f77d69d16","6a06508679bbd857881fcea0","6a0657cdf487e157baa5f092","4","accent_credibility_four_speakers","","","","","","","","","19","19T","19","Audio item 19","T","true","main","false","native_2","Native Speaker 2","native","audio/native_2/6nhu1nbwba_19T_audio.webm?v=2026-05-12-native2-refresh","","","","","","","","","","","",""
"truth_judgment","2255","
    <div class=""study-box center-text truth-scale-trial"">
      <div class=""big-question"">How true do you think the statement you just heard is?</div>
    </div>
  ","7","html-slider-response","205","2.1.0","784779","69f2b5f676aaf78f77d69d16","prolific","69f2b5f676aaf78f77d69d16","6a06508679bbd857881fcea0","6a0657cdf487e157baa5f092","4","accent_credibility_four_speakers","","","","","","","","","19","19T","19","Audio item 19","T","true","main","false","native_2","Native Speaker 2","native","audio/native_2/6nhu1nbwba_19T_audio.webm?v=2026-05-12-native2-refresh","7","7","7","0","14","definitely false","definitely true","","","","",""
"speaker_difficulty_rating","2344","
    <div class=""study-box center-text truth-scale-trial"">
      <div class=""big-question"">How easy or difficult was this speaker to understand?</div>
    </div>
  ","0","html-slider-response","206","2.1.0","787128","69f2b5f676aaf78f77d69d16","prolific","69f2b5f676aaf78f77d69d16","6a06508679bbd857881fcea0","6a0657cdf487e157baa5f092","4","accent_credibility_four_speakers","","","","","","","","","19","19T","19","Audio item 19","T","true","main","false","native_2","Native Speaker 2","native","audio/native_2/6nhu1nbwba_19T_audio.webm?v=2026-05-12-native2-refresh","7","","","","","","","0","0","14","Very easy","Very difficult"
"final_screen","1351","
        <div class=""study-box center-text"">
          <h2>End of Study</h2>
          <p>Thank you for participating.</p>
          <p>Click the button below to finish the study.</p>
        </div>
      ","0","html-button-response","207","2.1.0","788485","69f2b5f676aaf78f77d69d16","prolific","69f2b5f676aaf78f77d69d16","6a06508679bbd857881fcea0","6a0657cdf487e157baa5f092","4","accent_credibility_four_speakers","","","","","","","","","","","","","","","","","","","","","","","","","","","","","","","",""
