"trial_name","rt","stimulus","response","trial_type","trial_index","plugin_version","time_elapsed","participant_id","participant_id_source","prolific_pid","prolific_study_id","prolific_session_id","counterbalance_list","study_name","consented","confirmed_read_and_understood","success","timeout","failed_images","failed_audio","failed_video","view_history","fact_id","clip_code","item_number","statement_text","truth_code","truth_value","stimulus_set","is_filler","speaker_id","speaker_label","accent_group","audio_path","slider_start","participant_truth_rating_cm","participant_judgment","truth_scale_min_cm","truth_scale_max_cm","truth_scale_left_label","truth_scale_right_label","participant_difficulty_rating_cm","difficulty_scale_min_cm","difficulty_scale_max_cm","difficulty_scale_left_label","difficulty_scale_right_label"
"consent","13651","
    <div class=""study-box"">
      <h1>Consent Form</h1>
      <p>You are invited to take part in a study about how people evaluate spoken information.</p>
      <p>In this study, you will listen to short audio recordings and rate how true you think each statement is on a continuous scale from <strong>definitely false</strong> to <strong>definitely true</strong>.</p>
      <p>Your responses and reaction times will be recorded. You may stop at any time by closing the browser window.</p>
      <p>By clicking <strong>I consent</strong>, you confirm that you are at least 18 years old, that you understand what participation involves, and that you agree to take part.</p>
    </div>
  ","0","html-button-response","0","2.1.0","13667","697cba859657746d4f1eb64f","prolific","697cba859657746d4f1eb64f","6a06508679bbd857881fcea0","6a0651c94af7038dbbf5b31e","4","accent_credibility_four_speakers","true","","","","","","","","","","","","","","","","","","","","","","","","","","","","","","",""
"study_purpose_notice","61422","
        <div class=""study-box center-text"">
          <h1>IMPORTANT</h1>
          <p><strong>Read carefully.</strong></p>
          <p>
            The experiment is about the effect of the difficulty of understanding speakers'
            speech and how that affects how believable that speaker's statements seem.
          </p>
        </div>
      ","0","html-button-response","2","2.1.0","75093","697cba859657746d4f1eb64f","prolific","697cba859657746d4f1eb64f","6a06508679bbd857881fcea0","6a0651c94af7038dbbf5b31e","4","accent_credibility_four_speakers","","true","","","","","","","","","","","","","","","","","","","","","","","","","","","","","",""
"","","","","preload","3","2.1.0","76048","697cba859657746d4f1eb64f","prolific","697cba859657746d4f1eb64f","6a06508679bbd857881fcea0","6a0651c94af7038dbbf5b31e","4","accent_credibility_four_speakers","","","true","false","[]","[]","[]","","","","","","","","","","","","","","","","","","","","","","","","",""
"instructions","73555","","","instructions","4","2.1.0","149606","697cba859657746d4f1eb64f","prolific","697cba859657746d4f1eb64f","6a06508679bbd857881fcea0","6a0651c94af7038dbbf5b31e","4","accent_credibility_four_speakers","","","","","","","","[{""page_index"":0,""viewing_time"":35479},{""page_index"":1,""viewing_time"":6386},{""page_index"":2,""viewing_time"":12054},{""page_index"":3,""viewing_time"":9629},{""page_index"":4,""viewing_time"":10007}]","","","","","","","","","","","","","","","","","","","","","","","",""
"practice_intro","14095","
        <div class=""study-box center-text"">
          <h2>Listening Practice Trial</h2>
          <p>You are about to complete one listening practice trial.</p>
          <p>Listen to the recording, rate how true the statement seems, and then rate how easy or difficult the speaker was to understand.</p>
          <p>This trial is only for practice.</p>
        </div>
      ","0","html-button-response","10","2.1.0","226296","697cba859657746d4f1eb64f","prolific","697cba859657746d4f1eb64f","6a06508679bbd857881fcea0","6a0651c94af7038dbbf5b31e","4","accent_credibility_four_speakers","","","","","","","","","","","","","","","","","","","","","","","","","","","","","","","",""
"audio_presentation","null","audio/filler_talker/7brghu4wnv_F19T_audio.webm?v=2026-05-12-native2-refresh","null","audio-keyboard-response","11","2.1.1","230980","697cba859657746d4f1eb64f","prolific","697cba859657746d4f1eb64f","6a06508679bbd857881fcea0","6a0651c94af7038dbbf5b31e","4","accent_credibility_four_speakers","","","","","","","","","F19","F19T","19","Audio item F19","T","true","practice","true","filler_talker","Filler Talker","filler","audio/filler_talker/7brghu4wnv_F19T_audio.webm?v=2026-05-12-native2-refresh","","","","","","","","","","","",""
"truth_judgment","7269","
    <div class=""study-box center-text truth-scale-trial"">
      <div class=""big-question"">How true do you think the statement you just heard is?</div>
    </div>
  ","4","html-slider-response","12","2.1.0","238258","697cba859657746d4f1eb64f","prolific","697cba859657746d4f1eb64f","6a06508679bbd857881fcea0","6a0651c94af7038dbbf5b31e","4","accent_credibility_four_speakers","","","","","","","","","F19","F19T","19","Audio item F19","T","true","practice","true","filler_talker","Filler Talker","filler","audio/filler_talker/7brghu4wnv_F19T_audio.webm?v=2026-05-12-native2-refresh","7","4","4","0","14","definitely false","definitely true","","","","",""
"speaker_difficulty_rating","4960","
    <div class=""study-box center-text truth-scale-trial"">
      <div class=""big-question"">How easy or difficult was this speaker to understand?</div>
    </div>
  ","0","html-slider-response","13","2.1.0","243220","697cba859657746d4f1eb64f","prolific","697cba859657746d4f1eb64f","6a06508679bbd857881fcea0","6a0651c94af7038dbbf5b31e","4","accent_credibility_four_speakers","","","","","","","","","F19","F19T","19","Audio item F19","T","true","practice","true","filler_talker","Filler Talker","filler","audio/filler_talker/7brghu4wnv_F19T_audio.webm?v=2026-05-12-native2-refresh","7","","","","","","","0","0","14","Very easy","Very difficult"
"practice_complete","3579","
        <div class=""study-box center-text"">
          <h2>Practice Complete</h2>
          <p>You have finished the practice trial.</p>
          <p>The actual experiment will begin next.</p>
        </div>
      ","0","html-button-response","14","2.1.0","246808","697cba859657746d4f1eb64f","prolific","697cba859657746d4f1eb64f","6a06508679bbd857881fcea0","6a0651c94af7038dbbf5b31e","4","accent_credibility_four_speakers","","","","","","","","","","","","","","","","","","","","","","","","","","","","","","","",""
"audio_presentation","null","audio/native_1/ha77v84840_18F_audio.webm?v=2026-05-12-native2-refresh","null","audio-keyboard-response","15","2.1.1","251305","697cba859657746d4f1eb64f","prolific","697cba859657746d4f1eb64f","6a06508679bbd857881fcea0","6a0651c94af7038dbbf5b31e","4","accent_credibility_four_speakers","","","","","","","","","18","18F","18","Audio item 18","F","false","main","false","native_1","Native Speaker 1","native","audio/native_1/ha77v84840_18F_audio.webm?v=2026-05-12-native2-refresh","","","","","","","","","","","",""
"truth_judgment","5489","
    <div class=""study-box center-text truth-scale-trial"">
      <div class=""big-question"">How true do you think the statement you just heard is?</div>
    </div>
  ","9","html-slider-response","16","2.1.0","256799","697cba859657746d4f1eb64f","prolific","697cba859657746d4f1eb64f","6a06508679bbd857881fcea0","6a0651c94af7038dbbf5b31e","4","accent_credibility_four_speakers","","","","","","","","","18","18F","18","Audio item 18","F","false","main","false","native_1","Native Speaker 1","native","audio/native_1/ha77v84840_18F_audio.webm?v=2026-05-12-native2-refresh","7","9","9","0","14","definitely false","definitely true","","","","",""
"speaker_difficulty_rating","4479","
    <div class=""study-box center-text truth-scale-trial"">
      <div class=""big-question"">How easy or difficult was this speaker to understand?</div>
    </div>
  ","0","html-slider-response","17","2.1.0","261280","697cba859657746d4f1eb64f","prolific","697cba859657746d4f1eb64f","6a06508679bbd857881fcea0","6a0651c94af7038dbbf5b31e","4","accent_credibility_four_speakers","","","","","","","","","18","18F","18","Audio item 18","F","false","main","false","native_1","Native Speaker 1","native","audio/native_1/ha77v84840_18F_audio.webm?v=2026-05-12-native2-refresh","7","","","","","","","0","0","14","Very easy","Very difficult"
"audio_presentation","null","audio/native_2/6nhu1nbwba_15F_audio.webm?v=2026-05-12-native2-refresh","null","audio-keyboard-response","18","2.1.1","267755","697cba859657746d4f1eb64f","prolific","697cba859657746d4f1eb64f","6a06508679bbd857881fcea0","6a0651c94af7038dbbf5b31e","4","accent_credibility_four_speakers","","","","","","","","","15","15F","15","Audio item 15","F","false","main","false","native_2","Native Speaker 2","native","audio/native_2/6nhu1nbwba_15F_audio.webm?v=2026-05-12-native2-refresh","","","","","","","","","","","",""
"truth_judgment","4194","
    <div class=""study-box center-text truth-scale-trial"">
      <div class=""big-question"">How true do you think the statement you just heard is?</div>
    </div>
  ","8","html-slider-response","19","2.1.0","271953","697cba859657746d4f1eb64f","prolific","697cba859657746d4f1eb64f","6a06508679bbd857881fcea0","6a0651c94af7038dbbf5b31e","4","accent_credibility_four_speakers","","","","","","","","","15","15F","15","Audio item 15","F","false","main","false","native_2","Native Speaker 2","native","audio/native_2/6nhu1nbwba_15F_audio.webm?v=2026-05-12-native2-refresh","7","8","8","0","14","definitely false","definitely true","","","","",""
"speaker_difficulty_rating","2873","
    <div class=""study-box center-text truth-scale-trial"">
      <div class=""big-question"">How easy or difficult was this speaker to understand?</div>
    </div>
  ","1","html-slider-response","20","2.1.0","274828","697cba859657746d4f1eb64f","prolific","697cba859657746d4f1eb64f","6a06508679bbd857881fcea0","6a0651c94af7038dbbf5b31e","4","accent_credibility_four_speakers","","","","","","","","","15","15F","15","Audio item 15","F","false","main","false","native_2","Native Speaker 2","native","audio/native_2/6nhu1nbwba_15F_audio.webm?v=2026-05-12-native2-refresh","7","","","","","","","1","0","14","Very easy","Very difficult"
"audio_presentation","null","audio/non_native_1/6bqg3s4g4q_32T_audio.webm?v=2026-05-12-native2-refresh","null","audio-keyboard-response","21","2.1.1","278906","697cba859657746d4f1eb64f","prolific","697cba859657746d4f1eb64f","6a06508679bbd857881fcea0","6a0651c94af7038dbbf5b31e","4","accent_credibility_four_speakers","","","","","","","","","32","32T","32","Audio item 32","T","true","main","false","non_native_1","Non-native Speaker 1","non_native","audio/non_native_1/6bqg3s4g4q_32T_audio.webm?v=2026-05-12-native2-refresh","","","","","","","","","","","",""
"truth_judgment","7042","
    <div class=""study-box center-text truth-scale-trial"">
      <div class=""big-question"">How true do you think the statement you just heard is?</div>
    </div>
  ","7","html-slider-response","22","2.1.0","285951","697cba859657746d4f1eb64f","prolific","697cba859657746d4f1eb64f","6a06508679bbd857881fcea0","6a0651c94af7038dbbf5b31e","4","accent_credibility_four_speakers","","","","","","","","","32","32T","32","Audio item 32","T","true","main","false","non_native_1","Non-native Speaker 1","non_native","audio/non_native_1/6bqg3s4g4q_32T_audio.webm?v=2026-05-12-native2-refresh","7","7","7","0","14","definitely false","definitely true","","","","",""
"speaker_difficulty_rating","7303","
    <div class=""study-box center-text truth-scale-trial"">
      <div class=""big-question"">How easy or difficult was this speaker to understand?</div>
    </div>
  ","6","html-slider-response","23","2.1.0","293257","697cba859657746d4f1eb64f","prolific","697cba859657746d4f1eb64f","6a06508679bbd857881fcea0","6a0651c94af7038dbbf5b31e","4","accent_credibility_four_speakers","","","","","","","","","32","32T","32","Audio item 32","T","true","main","false","non_native_1","Non-native Speaker 1","non_native","audio/non_native_1/6bqg3s4g4q_32T_audio.webm?v=2026-05-12-native2-refresh","7","","","","","","","6","0","14","Very easy","Very difficult"
"audio_presentation","null","audio/native_2/6nhu1nbwba_47F_audio.webm?v=2026-05-12-native2-refresh","null","audio-keyboard-response","24","2.1.1","297524","697cba859657746d4f1eb64f","prolific","697cba859657746d4f1eb64f","6a06508679bbd857881fcea0","6a0651c94af7038dbbf5b31e","4","accent_credibility_four_speakers","","","","","","","","","47","47F","47","Audio item 47","F","false","main","false","native_2","Native Speaker 2","native","audio/native_2/6nhu1nbwba_47F_audio.webm?v=2026-05-12-native2-refresh","","","","","","","","","","","",""
"truth_judgment","3700","
    <div class=""study-box center-text truth-scale-trial"">
      <div class=""big-question"">How true do you think the statement you just heard is?</div>
    </div>
  ","11","html-slider-response","25","2.1.0","301225","697cba859657746d4f1eb64f","prolific","697cba859657746d4f1eb64f","6a06508679bbd857881fcea0","6a0651c94af7038dbbf5b31e","4","accent_credibility_four_speakers","","","","","","","","","47","47F","47","Audio item 47","F","false","main","false","native_2","Native Speaker 2","native","audio/native_2/6nhu1nbwba_47F_audio.webm?v=2026-05-12-native2-refresh","7","11","11","0","14","definitely false","definitely true","","","","",""
"speaker_difficulty_rating","4673","
    <div class=""study-box center-text truth-scale-trial"">
      <div class=""big-question"">How easy or difficult was this speaker to understand?</div>
    </div>
  ","0","html-slider-response","26","2.1.0","305901","697cba859657746d4f1eb64f","prolific","697cba859657746d4f1eb64f","6a06508679bbd857881fcea0","6a0651c94af7038dbbf5b31e","4","accent_credibility_four_speakers","","","","","","","","","47","47F","47","Audio item 47","F","false","main","false","native_2","Native Speaker 2","native","audio/native_2/6nhu1nbwba_47F_audio.webm?v=2026-05-12-native2-refresh","7","","","","","","","0","0","14","Very easy","Very difficult"
"audio_presentation","null","audio/non_native_2/2j7bwre4ol_45T_audio.webm?v=2026-05-12-native2-refresh","null","audio-keyboard-response","27","2.1.1","310336","697cba859657746d4f1eb64f","prolific","697cba859657746d4f1eb64f","6a06508679bbd857881fcea0","6a0651c94af7038dbbf5b31e","4","accent_credibility_four_speakers","","","","","","","","","45","45T","45","Audio item 45","T","true","main","false","non_native_2","Non-native Speaker 2","non_native","audio/non_native_2/2j7bwre4ol_45T_audio.webm?v=2026-05-12-native2-refresh","","","","","","","","","","","",""
"truth_judgment","3990","
    <div class=""study-box center-text truth-scale-trial"">
      <div class=""big-question"">How true do you think the statement you just heard is?</div>
    </div>
  ","7","html-slider-response","28","2.1.0","314330","697cba859657746d4f1eb64f","prolific","697cba859657746d4f1eb64f","6a06508679bbd857881fcea0","6a0651c94af7038dbbf5b31e","4","accent_credibility_four_speakers","","","","","","","","","45","45T","45","Audio item 45","T","true","main","false","non_native_2","Non-native Speaker 2","non_native","audio/non_native_2/2j7bwre4ol_45T_audio.webm?v=2026-05-12-native2-refresh","7","7","7","0","14","definitely false","definitely true","","","","",""
"speaker_difficulty_rating","5154","
    <div class=""study-box center-text truth-scale-trial"">
      <div class=""big-question"">How easy or difficult was this speaker to understand?</div>
    </div>
  ","8","html-slider-response","29","2.1.0","319487","697cba859657746d4f1eb64f","prolific","697cba859657746d4f1eb64f","6a06508679bbd857881fcea0","6a0651c94af7038dbbf5b31e","4","accent_credibility_four_speakers","","","","","","","","","45","45T","45","Audio item 45","T","true","main","false","non_native_2","Non-native Speaker 2","non_native","audio/non_native_2/2j7bwre4ol_45T_audio.webm?v=2026-05-12-native2-refresh","7","","","","","","","8","0","14","Very easy","Very difficult"
"audio_presentation","null","audio/non_native_1/6bqg3s4g4q_8T_audio.webm?v=2026-05-12-native2-refresh","null","audio-keyboard-response","30","2.1.1","325305","697cba859657746d4f1eb64f","prolific","697cba859657746d4f1eb64f","6a06508679bbd857881fcea0","6a0651c94af7038dbbf5b31e","4","accent_credibility_four_speakers","","","","","","","","","8","8T","8","Audio item 8","T","true","main","false","non_native_1","Non-native Speaker 1","non_native","audio/non_native_1/6bqg3s4g4q_8T_audio.webm?v=2026-05-12-native2-refresh","","","","","","","","","","","",""
"truth_judgment","4584","
    <div class=""study-box center-text truth-scale-trial"">
      <div class=""big-question"">How true do you think the statement you just heard is?</div>
    </div>
  ","12","html-slider-response","31","2.1.0","329891","697cba859657746d4f1eb64f","prolific","697cba859657746d4f1eb64f","6a06508679bbd857881fcea0","6a0651c94af7038dbbf5b31e","4","accent_credibility_four_speakers","","","","","","","","","8","8T","8","Audio item 8","T","true","main","false","non_native_1","Non-native Speaker 1","non_native","audio/non_native_1/6bqg3s4g4q_8T_audio.webm?v=2026-05-12-native2-refresh","7","12","12","0","14","definitely false","definitely true","","","","",""
"speaker_difficulty_rating","3906","
    <div class=""study-box center-text truth-scale-trial"">
      <div class=""big-question"">How easy or difficult was this speaker to understand?</div>
    </div>
  ","2","html-slider-response","32","2.1.0","333800","697cba859657746d4f1eb64f","prolific","697cba859657746d4f1eb64f","6a06508679bbd857881fcea0","6a0651c94af7038dbbf5b31e","4","accent_credibility_four_speakers","","","","","","","","","8","8T","8","Audio item 8","T","true","main","false","non_native_1","Non-native Speaker 1","non_native","audio/non_native_1/6bqg3s4g4q_8T_audio.webm?v=2026-05-12-native2-refresh","7","","","","","","","2","0","14","Very easy","Very difficult"
"audio_presentation","null","audio/native_2/6nhu1nbwba_35F_audio.webm?v=2026-05-12-native2-refresh","null","audio-keyboard-response","33","2.1.1","339316","697cba859657746d4f1eb64f","prolific","697cba859657746d4f1eb64f","6a06508679bbd857881fcea0","6a0651c94af7038dbbf5b31e","4","accent_credibility_four_speakers","","","","","","","","","35","35F","35","Audio item 35","F","false","main","false","native_2","Native Speaker 2","native","audio/native_2/6nhu1nbwba_35F_audio.webm?v=2026-05-12-native2-refresh","","","","","","","","","","","",""
"truth_judgment","5520","
    <div class=""study-box center-text truth-scale-trial"">
      <div class=""big-question"">How true do you think the statement you just heard is?</div>
    </div>
  ","6","html-slider-response","34","2.1.0","344839","697cba859657746d4f1eb64f","prolific","697cba859657746d4f1eb64f","6a06508679bbd857881fcea0","6a0651c94af7038dbbf5b31e","4","accent_credibility_four_speakers","","","","","","","","","35","35F","35","Audio item 35","F","false","main","false","native_2","Native Speaker 2","native","audio/native_2/6nhu1nbwba_35F_audio.webm?v=2026-05-12-native2-refresh","7","6","6","0","14","definitely false","definitely true","","","","",""
"speaker_difficulty_rating","3046","
    <div class=""study-box center-text truth-scale-trial"">
      <div class=""big-question"">How easy or difficult was this speaker to understand?</div>
    </div>
  ","0","html-slider-response","35","2.1.0","347887","697cba859657746d4f1eb64f","prolific","697cba859657746d4f1eb64f","6a06508679bbd857881fcea0","6a0651c94af7038dbbf5b31e","4","accent_credibility_four_speakers","","","","","","","","","35","35F","35","Audio item 35","F","false","main","false","native_2","Native Speaker 2","native","audio/native_2/6nhu1nbwba_35F_audio.webm?v=2026-05-12-native2-refresh","7","","","","","","","0","0","14","Very easy","Very difficult"
"audio_presentation","null","audio/filler_talker/7brghu4wnv_F7F_audio.webm?v=2026-05-12-native2-refresh","null","audio-keyboard-response","36","2.1.1","353586","697cba859657746d4f1eb64f","prolific","697cba859657746d4f1eb64f","6a06508679bbd857881fcea0","6a0651c94af7038dbbf5b31e","4","accent_credibility_four_speakers","","","","","","","","","F7","F7F","7","Audio item F7","F","false","filler","true","filler_talker","Filler Talker","filler","audio/filler_talker/7brghu4wnv_F7F_audio.webm?v=2026-05-12-native2-refresh","","","","","","","","","","","",""
"truth_judgment","5934","
    <div class=""study-box center-text truth-scale-trial"">
      <div class=""big-question"">How true do you think the statement you just heard is?</div>
    </div>
  ","4","html-slider-response","37","2.1.0","359523","697cba859657746d4f1eb64f","prolific","697cba859657746d4f1eb64f","6a06508679bbd857881fcea0","6a0651c94af7038dbbf5b31e","4","accent_credibility_four_speakers","","","","","","","","","F7","F7F","7","Audio item F7","F","false","filler","true","filler_talker","Filler Talker","filler","audio/filler_talker/7brghu4wnv_F7F_audio.webm?v=2026-05-12-native2-refresh","7","4","4","0","14","definitely false","definitely true","","","","",""
"speaker_difficulty_rating","9103","
    <div class=""study-box center-text truth-scale-trial"">
      <div class=""big-question"">How easy or difficult was this speaker to understand?</div>
    </div>
  ","0","html-slider-response","38","2.1.0","368628","697cba859657746d4f1eb64f","prolific","697cba859657746d4f1eb64f","6a06508679bbd857881fcea0","6a0651c94af7038dbbf5b31e","4","accent_credibility_four_speakers","","","","","","","","","F7","F7F","7","Audio item F7","F","false","filler","true","filler_talker","Filler Talker","filler","audio/filler_talker/7brghu4wnv_F7F_audio.webm?v=2026-05-12-native2-refresh","7","","","","","","","0","0","14","Very easy","Very difficult"
"audio_presentation","null","audio/native_1/ha77v84840_30T_audio.webm?v=2026-05-12-native2-refresh","null","audio-keyboard-response","39","2.1.1","372706","697cba859657746d4f1eb64f","prolific","697cba859657746d4f1eb64f","6a06508679bbd857881fcea0","6a0651c94af7038dbbf5b31e","4","accent_credibility_four_speakers","","","","","","","","","30","30T","30","Audio item 30","T","true","main","false","native_1","Native Speaker 1","native","audio/native_1/ha77v84840_30T_audio.webm?v=2026-05-12-native2-refresh","","","","","","","","","","","",""
"truth_judgment","5355","
    <div class=""study-box center-text truth-scale-trial"">
      <div class=""big-question"">How true do you think the statement you just heard is?</div>
    </div>
  ","7","html-slider-response","40","2.1.0","378064","697cba859657746d4f1eb64f","prolific","697cba859657746d4f1eb64f","6a06508679bbd857881fcea0","6a0651c94af7038dbbf5b31e","4","accent_credibility_four_speakers","","","","","","","","","30","30T","30","Audio item 30","T","true","main","false","native_1","Native Speaker 1","native","audio/native_1/ha77v84840_30T_audio.webm?v=2026-05-12-native2-refresh","7","7","7","0","14","definitely false","definitely true","","","","",""
"speaker_difficulty_rating","2913","
    <div class=""study-box center-text truth-scale-trial"">
      <div class=""big-question"">How easy or difficult was this speaker to understand?</div>
    </div>
  ","0","html-slider-response","41","2.1.0","380980","697cba859657746d4f1eb64f","prolific","697cba859657746d4f1eb64f","6a06508679bbd857881fcea0","6a0651c94af7038dbbf5b31e","4","accent_credibility_four_speakers","","","","","","","","","30","30T","30","Audio item 30","T","true","main","false","native_1","Native Speaker 1","native","audio/native_1/ha77v84840_30T_audio.webm?v=2026-05-12-native2-refresh","7","","","","","","","0","0","14","Very easy","Very difficult"
"audio_presentation","null","audio/native_1/ha77v84840_42T_audio.webm?v=2026-05-12-native2-refresh","null","audio-keyboard-response","42","2.1.1","386616","697cba859657746d4f1eb64f","prolific","697cba859657746d4f1eb64f","6a06508679bbd857881fcea0","6a0651c94af7038dbbf5b31e","4","accent_credibility_four_speakers","","","","","","","","","42","42T","42","Audio item 42","T","true","main","false","native_1","Native Speaker 1","native","audio/native_1/ha77v84840_42T_audio.webm?v=2026-05-12-native2-refresh","","","","","","","","","","","",""
"truth_judgment","7816","
    <div class=""study-box center-text truth-scale-trial"">
      <div class=""big-question"">How true do you think the statement you just heard is?</div>
    </div>
  ","13","html-slider-response","43","2.1.0","394435","697cba859657746d4f1eb64f","prolific","697cba859657746d4f1eb64f","6a06508679bbd857881fcea0","6a0651c94af7038dbbf5b31e","4","accent_credibility_four_speakers","","","","","","","","","42","42T","42","Audio item 42","T","true","main","false","native_1","Native Speaker 1","native","audio/native_1/ha77v84840_42T_audio.webm?v=2026-05-12-native2-refresh","7","13","13","0","14","definitely false","definitely true","","","","",""
"speaker_difficulty_rating","9801","
    <div class=""study-box center-text truth-scale-trial"">
      <div class=""big-question"">How easy or difficult was this speaker to understand?</div>
    </div>
  ","0","html-slider-response","44","2.1.0","404238","697cba859657746d4f1eb64f","prolific","697cba859657746d4f1eb64f","6a06508679bbd857881fcea0","6a0651c94af7038dbbf5b31e","4","accent_credibility_four_speakers","","","","","","","","","42","42T","42","Audio item 42","T","true","main","false","native_1","Native Speaker 1","native","audio/native_1/ha77v84840_42T_audio.webm?v=2026-05-12-native2-refresh","7","","","","","","","0","0","14","Very easy","Very difficult"
"audio_presentation","null","audio/native_1/ha77v84840_2F_audio.webm?v=2026-05-12-native2-refresh","null","audio-keyboard-response","45","2.1.1","409037","697cba859657746d4f1eb64f","prolific","697cba859657746d4f1eb64f","6a06508679bbd857881fcea0","6a0651c94af7038dbbf5b31e","4","accent_credibility_four_speakers","","","","","","","","","2","2F","2","Audio item 2","F","false","main","false","native_1","Native Speaker 1","native","audio/native_1/ha77v84840_2F_audio.webm?v=2026-05-12-native2-refresh","","","","","","","","","","","",""
"truth_judgment","13756","
    <div class=""study-box center-text truth-scale-trial"">
      <div class=""big-question"">How true do you think the statement you just heard is?</div>
    </div>
  ","5","html-slider-response","46","2.1.0","422796","697cba859657746d4f1eb64f","prolific","697cba859657746d4f1eb64f","6a06508679bbd857881fcea0","6a0651c94af7038dbbf5b31e","4","accent_credibility_four_speakers","","","","","","","","","2","2F","2","Audio item 2","F","false","main","false","native_1","Native Speaker 1","native","audio/native_1/ha77v84840_2F_audio.webm?v=2026-05-12-native2-refresh","7","5","5","0","14","definitely false","definitely true","","","","",""
"speaker_difficulty_rating","3108","
    <div class=""study-box center-text truth-scale-trial"">
      <div class=""big-question"">How easy or difficult was this speaker to understand?</div>
    </div>
  ","0","html-slider-response","47","2.1.0","425906","697cba859657746d4f1eb64f","prolific","697cba859657746d4f1eb64f","6a06508679bbd857881fcea0","6a0651c94af7038dbbf5b31e","4","accent_credibility_four_speakers","","","","","","","","","2","2F","2","Audio item 2","F","false","main","false","native_1","Native Speaker 1","native","audio/native_1/ha77v84840_2F_audio.webm?v=2026-05-12-native2-refresh","7","","","","","","","0","0","14","Very easy","Very difficult"
"audio_presentation","null","audio/native_1/ha77v84840_22T_audio.webm?v=2026-05-12-native2-refresh","null","audio-keyboard-response","48","2.1.1","430346","697cba859657746d4f1eb64f","prolific","697cba859657746d4f1eb64f","6a06508679bbd857881fcea0","6a0651c94af7038dbbf5b31e","4","accent_credibility_four_speakers","","","","","","","","","22","22T","22","Audio item 22","T","true","main","false","native_1","Native Speaker 1","native","audio/native_1/ha77v84840_22T_audio.webm?v=2026-05-12-native2-refresh","","","","","","","","","","","",""
"truth_judgment","8111","
    <div class=""study-box center-text truth-scale-trial"">
      <div class=""big-question"">How true do you think the statement you just heard is?</div>
    </div>
  ","9","html-slider-response","49","2.1.0","438459","697cba859657746d4f1eb64f","prolific","697cba859657746d4f1eb64f","6a06508679bbd857881fcea0","6a0651c94af7038dbbf5b31e","4","accent_credibility_four_speakers","","","","","","","","","22","22T","22","Audio item 22","T","true","main","false","native_1","Native Speaker 1","native","audio/native_1/ha77v84840_22T_audio.webm?v=2026-05-12-native2-refresh","7","9","9","0","14","definitely false","definitely true","","","","",""
"speaker_difficulty_rating","3690","
    <div class=""study-box center-text truth-scale-trial"">
      <div class=""big-question"">How easy or difficult was this speaker to understand?</div>
    </div>
  ","0","html-slider-response","50","2.1.0","442152","697cba859657746d4f1eb64f","prolific","697cba859657746d4f1eb64f","6a06508679bbd857881fcea0","6a0651c94af7038dbbf5b31e","4","accent_credibility_four_speakers","","","","","","","","","22","22T","22","Audio item 22","T","true","main","false","native_1","Native Speaker 1","native","audio/native_1/ha77v84840_22T_audio.webm?v=2026-05-12-native2-refresh","7","","","","","","","0","0","14","Very easy","Very difficult"
"audio_presentation","null","audio/native_1/ha77v84840_26T_audio.webm?v=2026-05-12-native2-refresh","null","audio-keyboard-response","51","2.1.1","446657","697cba859657746d4f1eb64f","prolific","697cba859657746d4f1eb64f","6a06508679bbd857881fcea0","6a0651c94af7038dbbf5b31e","4","accent_credibility_four_speakers","","","","","","","","","26","26T","26","Audio item 26","T","true","main","false","native_1","Native Speaker 1","native","audio/native_1/ha77v84840_26T_audio.webm?v=2026-05-12-native2-refresh","","","","","","","","","","","",""
"truth_judgment","5436","
    <div class=""study-box center-text truth-scale-trial"">
      <div class=""big-question"">How true do you think the statement you just heard is?</div>
    </div>
  ","5","html-slider-response","52","2.1.0","452096","697cba859657746d4f1eb64f","prolific","697cba859657746d4f1eb64f","6a06508679bbd857881fcea0","6a0651c94af7038dbbf5b31e","4","accent_credibility_four_speakers","","","","","","","","","26","26T","26","Audio item 26","T","true","main","false","native_1","Native Speaker 1","native","audio/native_1/ha77v84840_26T_audio.webm?v=2026-05-12-native2-refresh","7","5","5","0","14","definitely false","definitely true","","","","",""
"speaker_difficulty_rating","2894","
    <div class=""study-box center-text truth-scale-trial"">
      <div class=""big-question"">How easy or difficult was this speaker to understand?</div>
    </div>
  ","0","html-slider-response","53","2.1.0","454991","697cba859657746d4f1eb64f","prolific","697cba859657746d4f1eb64f","6a06508679bbd857881fcea0","6a0651c94af7038dbbf5b31e","4","accent_credibility_four_speakers","","","","","","","","","26","26T","26","Audio item 26","T","true","main","false","native_1","Native Speaker 1","native","audio/native_1/ha77v84840_26T_audio.webm?v=2026-05-12-native2-refresh","7","","","","","","","0","0","14","Very easy","Very difficult"
"audio_presentation","null","audio/non_native_2/2j7bwre4ol_5F_audio.webm?v=2026-05-12-native2-refresh","null","audio-keyboard-response","54","2.1.1","459857","697cba859657746d4f1eb64f","prolific","697cba859657746d4f1eb64f","6a06508679bbd857881fcea0","6a0651c94af7038dbbf5b31e","4","accent_credibility_four_speakers","","","","","","","","","5","5F","5","Audio item 5","F","false","main","false","non_native_2","Non-native Speaker 2","non_native","audio/non_native_2/2j7bwre4ol_5F_audio.webm?v=2026-05-12-native2-refresh","","","","","","","","","","","",""
"truth_judgment","5332","
    <div class=""study-box center-text truth-scale-trial"">
      <div class=""big-question"">How true do you think the statement you just heard is?</div>
    </div>
  ","9","html-slider-response","55","2.1.0","465192","697cba859657746d4f1eb64f","prolific","697cba859657746d4f1eb64f","6a06508679bbd857881fcea0","6a0651c94af7038dbbf5b31e","4","accent_credibility_four_speakers","","","","","","","","","5","5F","5","Audio item 5","F","false","main","false","non_native_2","Non-native Speaker 2","non_native","audio/non_native_2/2j7bwre4ol_5F_audio.webm?v=2026-05-12-native2-refresh","7","9","9","0","14","definitely false","definitely true","","","","",""
"speaker_difficulty_rating","2730","
    <div class=""study-box center-text truth-scale-trial"">
      <div class=""big-question"">How easy or difficult was this speaker to understand?</div>
    </div>
  ","3","html-slider-response","56","2.1.0","467923","697cba859657746d4f1eb64f","prolific","697cba859657746d4f1eb64f","6a06508679bbd857881fcea0","6a0651c94af7038dbbf5b31e","4","accent_credibility_four_speakers","","","","","","","","","5","5F","5","Audio item 5","F","false","main","false","non_native_2","Non-native Speaker 2","non_native","audio/non_native_2/2j7bwre4ol_5F_audio.webm?v=2026-05-12-native2-refresh","7","","","","","","","3","0","14","Very easy","Very difficult"
"audio_presentation","null","audio/native_1/ha77v84840_46F_audio.webm?v=2026-05-12-native2-refresh","null","audio-keyboard-response","57","2.1.1","472597","697cba859657746d4f1eb64f","prolific","697cba859657746d4f1eb64f","6a06508679bbd857881fcea0","6a0651c94af7038dbbf5b31e","4","accent_credibility_four_speakers","","","","","","","","","46","46F","46","Audio item 46","F","false","main","false","native_1","Native Speaker 1","native","audio/native_1/ha77v84840_46F_audio.webm?v=2026-05-12-native2-refresh","","","","","","","","","","","",""
"truth_judgment","7836","
    <div class=""study-box center-text truth-scale-trial"">
      <div class=""big-question"">How true do you think the statement you just heard is?</div>
    </div>
  ","8","html-slider-response","58","2.1.0","480437","697cba859657746d4f1eb64f","prolific","697cba859657746d4f1eb64f","6a06508679bbd857881fcea0","6a0651c94af7038dbbf5b31e","4","accent_credibility_four_speakers","","","","","","","","","46","46F","46","Audio item 46","F","false","main","false","native_1","Native Speaker 1","native","audio/native_1/ha77v84840_46F_audio.webm?v=2026-05-12-native2-refresh","7","8","8","0","14","definitely false","definitely true","","","","",""
"speaker_difficulty_rating","3188","
    <div class=""study-box center-text truth-scale-trial"">
      <div class=""big-question"">How easy or difficult was this speaker to understand?</div>
    </div>
  ","0","html-slider-response","59","2.1.0","483628","697cba859657746d4f1eb64f","prolific","697cba859657746d4f1eb64f","6a06508679bbd857881fcea0","6a0651c94af7038dbbf5b31e","4","accent_credibility_four_speakers","","","","","","","","","46","46F","46","Audio item 46","F","false","main","false","native_1","Native Speaker 1","native","audio/native_1/ha77v84840_46F_audio.webm?v=2026-05-12-native2-refresh","7","","","","","","","0","0","14","Very easy","Very difficult"
"audio_presentation","null","audio/native_1/ha77v84840_10T_audio.webm?v=2026-05-12-native2-refresh","null","audio-keyboard-response","60","2.1.1","488017","697cba859657746d4f1eb64f","prolific","697cba859657746d4f1eb64f","6a06508679bbd857881fcea0","6a0651c94af7038dbbf5b31e","4","accent_credibility_four_speakers","","","","","","","","","10","10T","10","Audio item 10","T","true","main","false","native_1","Native Speaker 1","native","audio/native_1/ha77v84840_10T_audio.webm?v=2026-05-12-native2-refresh","","","","","","","","","","","",""
"truth_judgment","7057","
    <div class=""study-box center-text truth-scale-trial"">
      <div class=""big-question"">How true do you think the statement you just heard is?</div>
    </div>
  ","6","html-slider-response","61","2.1.0","495077","697cba859657746d4f1eb64f","prolific","697cba859657746d4f1eb64f","6a06508679bbd857881fcea0","6a0651c94af7038dbbf5b31e","4","accent_credibility_four_speakers","","","","","","","","","10","10T","10","Audio item 10","T","true","main","false","native_1","Native Speaker 1","native","audio/native_1/ha77v84840_10T_audio.webm?v=2026-05-12-native2-refresh","7","6","6","0","14","definitely false","definitely true","","","","",""
"speaker_difficulty_rating","2995","
    <div class=""study-box center-text truth-scale-trial"">
      <div class=""big-question"">How easy or difficult was this speaker to understand?</div>
    </div>
  ","0","html-slider-response","62","2.1.0","498074","697cba859657746d4f1eb64f","prolific","697cba859657746d4f1eb64f","6a06508679bbd857881fcea0","6a0651c94af7038dbbf5b31e","4","accent_credibility_four_speakers","","","","","","","","","10","10T","10","Audio item 10","T","true","main","false","native_1","Native Speaker 1","native","audio/native_1/ha77v84840_10T_audio.webm?v=2026-05-12-native2-refresh","7","","","","","","","0","0","14","Very easy","Very difficult"
"audio_presentation","null","audio/native_2/6nhu1nbwba_23T_audio.webm?v=2026-05-12-native2-refresh","null","audio-keyboard-response","63","2.1.1","502038","697cba859657746d4f1eb64f","prolific","697cba859657746d4f1eb64f","6a06508679bbd857881fcea0","6a0651c94af7038dbbf5b31e","4","accent_credibility_four_speakers","","","","","","","","","23","23T","23","Audio item 23","T","true","main","false","native_2","Native Speaker 2","native","audio/native_2/6nhu1nbwba_23T_audio.webm?v=2026-05-12-native2-refresh","","","","","","","","","","","",""
"truth_judgment","9725","
    <div class=""study-box center-text truth-scale-trial"">
      <div class=""big-question"">How true do you think the statement you just heard is?</div>
    </div>
  ","2","html-slider-response","64","2.1.0","511765","697cba859657746d4f1eb64f","prolific","697cba859657746d4f1eb64f","6a06508679bbd857881fcea0","6a0651c94af7038dbbf5b31e","4","accent_credibility_four_speakers","","","","","","","","","23","23T","23","Audio item 23","T","true","main","false","native_2","Native Speaker 2","native","audio/native_2/6nhu1nbwba_23T_audio.webm?v=2026-05-12-native2-refresh","7","2","2","0","14","definitely false","definitely true","","","","",""
"speaker_difficulty_rating","3681","
    <div class=""study-box center-text truth-scale-trial"">
      <div class=""big-question"">How easy or difficult was this speaker to understand?</div>
    </div>
  ","1","html-slider-response","65","2.1.0","515449","697cba859657746d4f1eb64f","prolific","697cba859657746d4f1eb64f","6a06508679bbd857881fcea0","6a0651c94af7038dbbf5b31e","4","accent_credibility_four_speakers","","","","","","","","","23","23T","23","Audio item 23","T","true","main","false","native_2","Native Speaker 2","native","audio/native_2/6nhu1nbwba_23T_audio.webm?v=2026-05-12-native2-refresh","7","","","","","","","1","0","14","Very easy","Very difficult"
"audio_presentation","null","audio/native_2/6nhu1nbwba_19T_audio.webm?v=2026-05-12-native2-refresh","null","audio-keyboard-response","66","2.1.1","518688","697cba859657746d4f1eb64f","prolific","697cba859657746d4f1eb64f","6a06508679bbd857881fcea0","6a0651c94af7038dbbf5b31e","4","accent_credibility_four_speakers","","","","","","","","","19","19T","19","Audio item 19","T","true","main","false","native_2","Native Speaker 2","native","audio/native_2/6nhu1nbwba_19T_audio.webm?v=2026-05-12-native2-refresh","","","","","","","","","","","",""
"truth_judgment","8034","
    <div class=""study-box center-text truth-scale-trial"">
      <div class=""big-question"">How true do you think the statement you just heard is?</div>
    </div>
  ","9","html-slider-response","67","2.1.0","526724","697cba859657746d4f1eb64f","prolific","697cba859657746d4f1eb64f","6a06508679bbd857881fcea0","6a0651c94af7038dbbf5b31e","4","accent_credibility_four_speakers","","","","","","","","","19","19T","19","Audio item 19","T","true","main","false","native_2","Native Speaker 2","native","audio/native_2/6nhu1nbwba_19T_audio.webm?v=2026-05-12-native2-refresh","7","9","9","0","14","definitely false","definitely true","","","","",""
"speaker_difficulty_rating","3998","
    <div class=""study-box center-text truth-scale-trial"">
      <div class=""big-question"">How easy or difficult was this speaker to understand?</div>
    </div>
  ","0","html-slider-response","68","2.1.0","530724","697cba859657746d4f1eb64f","prolific","697cba859657746d4f1eb64f","6a06508679bbd857881fcea0","6a0651c94af7038dbbf5b31e","4","accent_credibility_four_speakers","","","","","","","","","19","19T","19","Audio item 19","T","true","main","false","native_2","Native Speaker 2","native","audio/native_2/6nhu1nbwba_19T_audio.webm?v=2026-05-12-native2-refresh","7","","","","","","","0","0","14","Very easy","Very difficult"
"audio_presentation","null","audio/non_native_1/6bqg3s4g4q_4T_audio.webm?v=2026-05-12-native2-refresh","null","audio-keyboard-response","69","2.1.1","533117","697cba859657746d4f1eb64f","prolific","697cba859657746d4f1eb64f","6a06508679bbd857881fcea0","6a0651c94af7038dbbf5b31e","4","accent_credibility_four_speakers","","","","","","","","","4","4T","4","Audio item 4","T","true","main","false","non_native_1","Non-native Speaker 1","non_native","audio/non_native_1/6bqg3s4g4q_4T_audio.webm?v=2026-05-12-native2-refresh","","","","","","","","","","","",""
"truth_judgment","5627","
    <div class=""study-box center-text truth-scale-trial"">
      <div class=""big-question"">How true do you think the statement you just heard is?</div>
    </div>
  ","6","html-slider-response","70","2.1.0","538745","697cba859657746d4f1eb64f","prolific","697cba859657746d4f1eb64f","6a06508679bbd857881fcea0","6a0651c94af7038dbbf5b31e","4","accent_credibility_four_speakers","","","","","","","","","4","4T","4","Audio item 4","T","true","main","false","non_native_1","Non-native Speaker 1","non_native","audio/non_native_1/6bqg3s4g4q_4T_audio.webm?v=2026-05-12-native2-refresh","7","6","6","0","14","definitely false","definitely true","","","","",""
"speaker_difficulty_rating","3016","
    <div class=""study-box center-text truth-scale-trial"">
      <div class=""big-question"">How easy or difficult was this speaker to understand?</div>
    </div>
  ","4","html-slider-response","71","2.1.0","541763","697cba859657746d4f1eb64f","prolific","697cba859657746d4f1eb64f","6a06508679bbd857881fcea0","6a0651c94af7038dbbf5b31e","4","accent_credibility_four_speakers","","","","","","","","","4","4T","4","Audio item 4","T","true","main","false","non_native_1","Non-native Speaker 1","non_native","audio/non_native_1/6bqg3s4g4q_4T_audio.webm?v=2026-05-12-native2-refresh","7","","","","","","","4","0","14","Very easy","Very difficult"
"audio_presentation","null","audio/non_native_1/6bqg3s4g4q_12T_audio.webm?v=2026-05-12-native2-refresh","null","audio-keyboard-response","72","2.1.1","546496","697cba859657746d4f1eb64f","prolific","697cba859657746d4f1eb64f","6a06508679bbd857881fcea0","6a0651c94af7038dbbf5b31e","4","accent_credibility_four_speakers","","","","","","","","","12","12T","12","Audio item 12","T","true","main","false","non_native_1","Non-native Speaker 1","non_native","audio/non_native_1/6bqg3s4g4q_12T_audio.webm?v=2026-05-12-native2-refresh","","","","","","","","","","","",""
"truth_judgment","17978","
    <div class=""study-box center-text truth-scale-trial"">
      <div class=""big-question"">How true do you think the statement you just heard is?</div>
    </div>
  ","8","html-slider-response","73","2.1.0","564477","697cba859657746d4f1eb64f","prolific","697cba859657746d4f1eb64f","6a06508679bbd857881fcea0","6a0651c94af7038dbbf5b31e","4","accent_credibility_four_speakers","","","","","","","","","12","12T","12","Audio item 12","T","true","main","false","non_native_1","Non-native Speaker 1","non_native","audio/non_native_1/6bqg3s4g4q_12T_audio.webm?v=2026-05-12-native2-refresh","7","8","8","0","14","definitely false","definitely true","","","","",""
"speaker_difficulty_rating","6404","
    <div class=""study-box center-text truth-scale-trial"">
      <div class=""big-question"">How easy or difficult was this speaker to understand?</div>
    </div>
  ","3","html-slider-response","74","2.1.0","570883","697cba859657746d4f1eb64f","prolific","697cba859657746d4f1eb64f","6a06508679bbd857881fcea0","6a0651c94af7038dbbf5b31e","4","accent_credibility_four_speakers","","","","","","","","","12","12T","12","Audio item 12","T","true","main","false","non_native_1","Non-native Speaker 1","non_native","audio/non_native_1/6bqg3s4g4q_12T_audio.webm?v=2026-05-12-native2-refresh","7","","","","","","","3","0","14","Very easy","Very difficult"
"audio_presentation","null","audio/filler_talker/7brghu4wnv_F16F_audio.webm?v=2026-05-12-native2-refresh","null","audio-keyboard-response","75","2.1.1","578078","697cba859657746d4f1eb64f","prolific","697cba859657746d4f1eb64f","6a06508679bbd857881fcea0","6a0651c94af7038dbbf5b31e","4","accent_credibility_four_speakers","","","","","","","","","F16","F16F","16","Audio item F16","F","false","filler","true","filler_talker","Filler Talker","filler","audio/filler_talker/7brghu4wnv_F16F_audio.webm?v=2026-05-12-native2-refresh","","","","","","","","","","","",""
"truth_judgment","9796","
    <div class=""study-box center-text truth-scale-trial"">
      <div class=""big-question"">How true do you think the statement you just heard is?</div>
    </div>
  ","9","html-slider-response","76","2.1.0","587877","697cba859657746d4f1eb64f","prolific","697cba859657746d4f1eb64f","6a06508679bbd857881fcea0","6a0651c94af7038dbbf5b31e","4","accent_credibility_four_speakers","","","","","","","","","F16","F16F","16","Audio item F16","F","false","filler","true","filler_talker","Filler Talker","filler","audio/filler_talker/7brghu4wnv_F16F_audio.webm?v=2026-05-12-native2-refresh","7","9","9","0","14","definitely false","definitely true","","","","",""
"speaker_difficulty_rating","5481","
    <div class=""study-box center-text truth-scale-trial"">
      <div class=""big-question"">How easy or difficult was this speaker to understand?</div>
    </div>
  ","0","html-slider-response","77","2.1.0","593361","697cba859657746d4f1eb64f","prolific","697cba859657746d4f1eb64f","6a06508679bbd857881fcea0","6a0651c94af7038dbbf5b31e","4","accent_credibility_four_speakers","","","","","","","","","F16","F16F","16","Audio item F16","F","false","filler","true","filler_talker","Filler Talker","filler","audio/filler_talker/7brghu4wnv_F16F_audio.webm?v=2026-05-12-native2-refresh","7","","","","","","","0","0","14","Very easy","Very difficult"
"audio_presentation","null","audio/non_native_2/2j7bwre4ol_33T_audio.webm?v=2026-05-12-native2-refresh","null","audio-keyboard-response","78","2.1.1","596597","697cba859657746d4f1eb64f","prolific","697cba859657746d4f1eb64f","6a06508679bbd857881fcea0","6a0651c94af7038dbbf5b31e","4","accent_credibility_four_speakers","","","","","","","","","33","33T","33","Audio item 33","T","true","main","false","non_native_2","Non-native Speaker 2","non_native","audio/non_native_2/2j7bwre4ol_33T_audio.webm?v=2026-05-12-native2-refresh","","","","","","","","","","","",""
"truth_judgment","4761","
    <div class=""study-box center-text truth-scale-trial"">
      <div class=""big-question"">How true do you think the statement you just heard is?</div>
    </div>
  ","11","html-slider-response","79","2.1.0","601359","697cba859657746d4f1eb64f","prolific","697cba859657746d4f1eb64f","6a06508679bbd857881fcea0","6a0651c94af7038dbbf5b31e","4","accent_credibility_four_speakers","","","","","","","","","33","33T","33","Audio item 33","T","true","main","false","non_native_2","Non-native Speaker 2","non_native","audio/non_native_2/2j7bwre4ol_33T_audio.webm?v=2026-05-12-native2-refresh","7","11","11","0","14","definitely false","definitely true","","","","",""
"speaker_difficulty_rating","6053","
    <div class=""study-box center-text truth-scale-trial"">
      <div class=""big-question"">How easy or difficult was this speaker to understand?</div>
    </div>
  ","4","html-slider-response","80","2.1.0","607415","697cba859657746d4f1eb64f","prolific","697cba859657746d4f1eb64f","6a06508679bbd857881fcea0","6a0651c94af7038dbbf5b31e","4","accent_credibility_four_speakers","","","","","","","","","33","33T","33","Audio item 33","T","true","main","false","non_native_2","Non-native Speaker 2","non_native","audio/non_native_2/2j7bwre4ol_33T_audio.webm?v=2026-05-12-native2-refresh","7","","","","","","","4","0","14","Very easy","Very difficult"
"audio_presentation","null","audio/filler_talker/7brghu4wnv_F6T_audio.webm?v=2026-05-12-native2-refresh","null","audio-keyboard-response","81","2.1.1","612687","697cba859657746d4f1eb64f","prolific","697cba859657746d4f1eb64f","6a06508679bbd857881fcea0","6a0651c94af7038dbbf5b31e","4","accent_credibility_four_speakers","","","","","","","","","F6","F6T","6","Audio item F6","T","true","filler","true","filler_talker","Filler Talker","filler","audio/filler_talker/7brghu4wnv_F6T_audio.webm?v=2026-05-12-native2-refresh","","","","","","","","","","","",""
"truth_judgment","6083","
    <div class=""study-box center-text truth-scale-trial"">
      <div class=""big-question"">How true do you think the statement you just heard is?</div>
    </div>
  ","7","html-slider-response","82","2.1.0","618771","697cba859657746d4f1eb64f","prolific","697cba859657746d4f1eb64f","6a06508679bbd857881fcea0","6a0651c94af7038dbbf5b31e","4","accent_credibility_four_speakers","","","","","","","","","F6","F6T","6","Audio item F6","T","true","filler","true","filler_talker","Filler Talker","filler","audio/filler_talker/7brghu4wnv_F6T_audio.webm?v=2026-05-12-native2-refresh","7","7","7","0","14","definitely false","definitely true","","","","",""
"speaker_difficulty_rating","3426","
    <div class=""study-box center-text truth-scale-trial"">
      <div class=""big-question"">How easy or difficult was this speaker to understand?</div>
    </div>
  ","1","html-slider-response","83","2.1.0","622199","697cba859657746d4f1eb64f","prolific","697cba859657746d4f1eb64f","6a06508679bbd857881fcea0","6a0651c94af7038dbbf5b31e","4","accent_credibility_four_speakers","","","","","","","","","F6","F6T","6","Audio item F6","T","true","filler","true","filler_talker","Filler Talker","filler","audio/filler_talker/7brghu4wnv_F6T_audio.webm?v=2026-05-12-native2-refresh","7","","","","","","","1","0","14","Very easy","Very difficult"
"audio_presentation","null","audio/native_2/6nhu1nbwba_39T_audio.webm?v=2026-05-12-native2-refresh","null","audio-keyboard-response","84","2.1.1","626999","697cba859657746d4f1eb64f","prolific","697cba859657746d4f1eb64f","6a06508679bbd857881fcea0","6a0651c94af7038dbbf5b31e","4","accent_credibility_four_speakers","","","","","","","","","39","39T","39","Audio item 39","T","true","main","false","native_2","Native Speaker 2","native","audio/native_2/6nhu1nbwba_39T_audio.webm?v=2026-05-12-native2-refresh","","","","","","","","","","","",""
"truth_judgment","5518","
    <div class=""study-box center-text truth-scale-trial"">
      <div class=""big-question"">How true do you think the statement you just heard is?</div>
    </div>
  ","7","html-slider-response","85","2.1.0","632520","697cba859657746d4f1eb64f","prolific","697cba859657746d4f1eb64f","6a06508679bbd857881fcea0","6a0651c94af7038dbbf5b31e","4","accent_credibility_four_speakers","","","","","","","","","39","39T","39","Audio item 39","T","true","main","false","native_2","Native Speaker 2","native","audio/native_2/6nhu1nbwba_39T_audio.webm?v=2026-05-12-native2-refresh","7","7","7","0","14","definitely false","definitely true","","","","",""
"speaker_difficulty_rating","3978","
    <div class=""study-box center-text truth-scale-trial"">
      <div class=""big-question"">How easy or difficult was this speaker to understand?</div>
    </div>
  ","0","html-slider-response","86","2.1.0","636500","697cba859657746d4f1eb64f","prolific","697cba859657746d4f1eb64f","6a06508679bbd857881fcea0","6a0651c94af7038dbbf5b31e","4","accent_credibility_four_speakers","","","","","","","","","39","39T","39","Audio item 39","T","true","main","false","native_2","Native Speaker 2","native","audio/native_2/6nhu1nbwba_39T_audio.webm?v=2026-05-12-native2-refresh","7","","","","","","","0","0","14","Very easy","Very difficult"
"audio_presentation","null","audio/non_native_2/2j7bwre4ol_9F_audio.webm?v=2026-05-12-native2-refresh","null","audio-keyboard-response","87","2.1.1","640529","697cba859657746d4f1eb64f","prolific","697cba859657746d4f1eb64f","6a06508679bbd857881fcea0","6a0651c94af7038dbbf5b31e","4","accent_credibility_four_speakers","","","","","","","","","9","9F","9","Audio item 9","F","false","main","false","non_native_2","Non-native Speaker 2","non_native","audio/non_native_2/2j7bwre4ol_9F_audio.webm?v=2026-05-12-native2-refresh","","","","","","","","","","","",""
"truth_judgment","8299","
    <div class=""study-box center-text truth-scale-trial"">
      <div class=""big-question"">How true do you think the statement you just heard is?</div>
    </div>
  ","5","html-slider-response","88","2.1.0","648831","697cba859657746d4f1eb64f","prolific","697cba859657746d4f1eb64f","6a06508679bbd857881fcea0","6a0651c94af7038dbbf5b31e","4","accent_credibility_four_speakers","","","","","","","","","9","9F","9","Audio item 9","F","false","main","false","non_native_2","Non-native Speaker 2","non_native","audio/non_native_2/2j7bwre4ol_9F_audio.webm?v=2026-05-12-native2-refresh","7","5","5","0","14","definitely false","definitely true","","","","",""
"speaker_difficulty_rating","3847","
    <div class=""study-box center-text truth-scale-trial"">
      <div class=""big-question"">How easy or difficult was this speaker to understand?</div>
    </div>
  ","7","html-slider-response","89","2.1.0","652680","697cba859657746d4f1eb64f","prolific","697cba859657746d4f1eb64f","6a06508679bbd857881fcea0","6a0651c94af7038dbbf5b31e","4","accent_credibility_four_speakers","","","","","","","","","9","9F","9","Audio item 9","F","false","main","false","non_native_2","Non-native Speaker 2","non_native","audio/non_native_2/2j7bwre4ol_9F_audio.webm?v=2026-05-12-native2-refresh","7","","","","","","","7","0","14","Very easy","Very difficult"
"audio_presentation","null","audio/native_1/ha77v84840_34F_audio.webm?v=2026-05-12-native2-refresh","null","audio-keyboard-response","90","2.1.1","656159","697cba859657746d4f1eb64f","prolific","697cba859657746d4f1eb64f","6a06508679bbd857881fcea0","6a0651c94af7038dbbf5b31e","4","accent_credibility_four_speakers","","","","","","","","","34","34F","34","Audio item 34","F","false","main","false","native_1","Native Speaker 1","native","audio/native_1/ha77v84840_34F_audio.webm?v=2026-05-12-native2-refresh","","","","","","","","","","","",""
"truth_judgment","7321","
    <div class=""study-box center-text truth-scale-trial"">
      <div class=""big-question"">How true do you think the statement you just heard is?</div>
    </div>
  ","3","html-slider-response","91","2.1.0","663483","697cba859657746d4f1eb64f","prolific","697cba859657746d4f1eb64f","6a06508679bbd857881fcea0","6a0651c94af7038dbbf5b31e","4","accent_credibility_four_speakers","","","","","","","","","34","34F","34","Audio item 34","F","false","main","false","native_1","Native Speaker 1","native","audio/native_1/ha77v84840_34F_audio.webm?v=2026-05-12-native2-refresh","7","3","3","0","14","definitely false","definitely true","","","","",""
"speaker_difficulty_rating","4887","
    <div class=""study-box center-text truth-scale-trial"">
      <div class=""big-question"">How easy or difficult was this speaker to understand?</div>
    </div>
  ","0","html-slider-response","92","2.1.0","668373","697cba859657746d4f1eb64f","prolific","697cba859657746d4f1eb64f","6a06508679bbd857881fcea0","6a0651c94af7038dbbf5b31e","4","accent_credibility_four_speakers","","","","","","","","","34","34F","34","Audio item 34","F","false","main","false","native_1","Native Speaker 1","native","audio/native_1/ha77v84840_34F_audio.webm?v=2026-05-12-native2-refresh","7","","","","","","","0","0","14","Very easy","Very difficult"
"audio_presentation","null","audio/non_native_1/6bqg3s4g4q_24T_audio.webm?v=2026-05-12-native2-refresh","null","audio-keyboard-response","93","2.1.1","674249","697cba859657746d4f1eb64f","prolific","697cba859657746d4f1eb64f","6a06508679bbd857881fcea0","6a0651c94af7038dbbf5b31e","4","accent_credibility_four_speakers","","","","","","","","","24","24T","24","Audio item 24","T","true","main","false","non_native_1","Non-native Speaker 1","non_native","audio/non_native_1/6bqg3s4g4q_24T_audio.webm?v=2026-05-12-native2-refresh","","","","","","","","","","","",""
"truth_judgment","6980","
    <div class=""study-box center-text truth-scale-trial"">
      <div class=""big-question"">How true do you think the statement you just heard is?</div>
    </div>
  ","6","html-slider-response","94","2.1.0","681232","697cba859657746d4f1eb64f","prolific","697cba859657746d4f1eb64f","6a06508679bbd857881fcea0","6a0651c94af7038dbbf5b31e","4","accent_credibility_four_speakers","","","","","","","","","24","24T","24","Audio item 24","T","true","main","false","non_native_1","Non-native Speaker 1","non_native","audio/non_native_1/6bqg3s4g4q_24T_audio.webm?v=2026-05-12-native2-refresh","7","6","6","0","14","definitely false","definitely true","","","","",""
"speaker_difficulty_rating","2793","
    <div class=""study-box center-text truth-scale-trial"">
      <div class=""big-question"">How easy or difficult was this speaker to understand?</div>
    </div>
  ","1","html-slider-response","95","2.1.0","684027","697cba859657746d4f1eb64f","prolific","697cba859657746d4f1eb64f","6a06508679bbd857881fcea0","6a0651c94af7038dbbf5b31e","4","accent_credibility_four_speakers","","","","","","","","","24","24T","24","Audio item 24","T","true","main","false","non_native_1","Non-native Speaker 1","non_native","audio/non_native_1/6bqg3s4g4q_24T_audio.webm?v=2026-05-12-native2-refresh","7","","","","","","","1","0","14","Very easy","Very difficult"
"audio_presentation","null","audio/non_native_1/6bqg3s4g4q_16F_audio.webm?v=2026-05-12-native2-refresh","null","audio-keyboard-response","96","2.1.1","686979","697cba859657746d4f1eb64f","prolific","697cba859657746d4f1eb64f","6a06508679bbd857881fcea0","6a0651c94af7038dbbf5b31e","4","accent_credibility_four_speakers","","","","","","","","","16","16F","16","Audio item 16","F","false","main","false","non_native_1","Non-native Speaker 1","non_native","audio/non_native_1/6bqg3s4g4q_16F_audio.webm?v=2026-05-12-native2-refresh","","","","","","","","","","","",""
"truth_judgment","4422","
    <div class=""study-box center-text truth-scale-trial"">
      <div class=""big-question"">How true do you think the statement you just heard is?</div>
    </div>
  ","7","html-slider-response","97","2.1.0","691403","697cba859657746d4f1eb64f","prolific","697cba859657746d4f1eb64f","6a06508679bbd857881fcea0","6a0651c94af7038dbbf5b31e","4","accent_credibility_four_speakers","","","","","","","","","16","16F","16","Audio item 16","F","false","main","false","non_native_1","Non-native Speaker 1","non_native","audio/non_native_1/6bqg3s4g4q_16F_audio.webm?v=2026-05-12-native2-refresh","7","7","7","0","14","definitely false","definitely true","","","","",""
"speaker_difficulty_rating","6905","
    <div class=""study-box center-text truth-scale-trial"">
      <div class=""big-question"">How easy or difficult was this speaker to understand?</div>
    </div>
  ","6","html-slider-response","98","2.1.0","698310","697cba859657746d4f1eb64f","prolific","697cba859657746d4f1eb64f","6a06508679bbd857881fcea0","6a0651c94af7038dbbf5b31e","4","accent_credibility_four_speakers","","","","","","","","","16","16F","16","Audio item 16","F","false","main","false","non_native_1","Non-native Speaker 1","non_native","audio/non_native_1/6bqg3s4g4q_16F_audio.webm?v=2026-05-12-native2-refresh","7","","","","","","","6","0","14","Very easy","Very difficult"
"audio_presentation","null","audio/non_native_1/6bqg3s4g4q_44F_audio.webm?v=2026-05-12-native2-refresh","null","audio-keyboard-response","99","2.1.1","702629","697cba859657746d4f1eb64f","prolific","697cba859657746d4f1eb64f","6a06508679bbd857881fcea0","6a0651c94af7038dbbf5b31e","4","accent_credibility_four_speakers","","","","","","","","","44","44F","44","Audio item 44","F","false","main","false","non_native_1","Non-native Speaker 1","non_native","audio/non_native_1/6bqg3s4g4q_44F_audio.webm?v=2026-05-12-native2-refresh","","","","","","","","","","","",""
"truth_judgment","13633","
    <div class=""study-box center-text truth-scale-trial"">
      <div class=""big-question"">How true do you think the statement you just heard is?</div>
    </div>
  ","2","html-slider-response","100","2.1.0","716266","697cba859657746d4f1eb64f","prolific","697cba859657746d4f1eb64f","6a06508679bbd857881fcea0","6a0651c94af7038dbbf5b31e","4","accent_credibility_four_speakers","","","","","","","","","44","44F","44","Audio item 44","F","false","main","false","non_native_1","Non-native Speaker 1","non_native","audio/non_native_1/6bqg3s4g4q_44F_audio.webm?v=2026-05-12-native2-refresh","7","2","2","0","14","definitely false","definitely true","","","","",""
"speaker_difficulty_rating","6176","
    <div class=""study-box center-text truth-scale-trial"">
      <div class=""big-question"">How easy or difficult was this speaker to understand?</div>
    </div>
  ","4","html-slider-response","101","2.1.0","722445","697cba859657746d4f1eb64f","prolific","697cba859657746d4f1eb64f","6a06508679bbd857881fcea0","6a0651c94af7038dbbf5b31e","4","accent_credibility_four_speakers","","","","","","","","","44","44F","44","Audio item 44","F","false","main","false","non_native_1","Non-native Speaker 1","non_native","audio/non_native_1/6bqg3s4g4q_44F_audio.webm?v=2026-05-12-native2-refresh","7","","","","","","","4","0","14","Very easy","Very difficult"
"audio_presentation","null","audio/filler_talker/7brghu4wnv_F10T_audio.webm?v=2026-05-12-native2-refresh","null","audio-keyboard-response","102","2.1.1","727480","697cba859657746d4f1eb64f","prolific","697cba859657746d4f1eb64f","6a06508679bbd857881fcea0","6a0651c94af7038dbbf5b31e","4","accent_credibility_four_speakers","","","","","","","","","F10","F10T","10","Audio item F10","T","true","filler","true","filler_talker","Filler Talker","filler","audio/filler_talker/7brghu4wnv_F10T_audio.webm?v=2026-05-12-native2-refresh","","","","","","","","","","","",""
"truth_judgment","9436","
    <div class=""study-box center-text truth-scale-trial"">
      <div class=""big-question"">How true do you think the statement you just heard is?</div>
    </div>
  ","9","html-slider-response","103","2.1.0","736921","697cba859657746d4f1eb64f","prolific","697cba859657746d4f1eb64f","6a06508679bbd857881fcea0","6a0651c94af7038dbbf5b31e","4","accent_credibility_four_speakers","","","","","","","","","F10","F10T","10","Audio item F10","T","true","filler","true","filler_talker","Filler Talker","filler","audio/filler_talker/7brghu4wnv_F10T_audio.webm?v=2026-05-12-native2-refresh","7","9","9","0","14","definitely false","definitely true","","","","",""
"speaker_difficulty_rating","3271","
    <div class=""study-box center-text truth-scale-trial"">
      <div class=""big-question"">How easy or difficult was this speaker to understand?</div>
    </div>
  ","0","html-slider-response","104","2.1.0","740194","697cba859657746d4f1eb64f","prolific","697cba859657746d4f1eb64f","6a06508679bbd857881fcea0","6a0651c94af7038dbbf5b31e","4","accent_credibility_four_speakers","","","","","","","","","F10","F10T","10","Audio item F10","T","true","filler","true","filler_talker","Filler Talker","filler","audio/filler_talker/7brghu4wnv_F10T_audio.webm?v=2026-05-12-native2-refresh","7","","","","","","","0","0","14","Very easy","Very difficult"
"audio_presentation","null","audio/filler_talker/7brghu4wnv_F12T_audio.webm?v=2026-05-12-native2-refresh","null","audio-keyboard-response","105","2.1.1","744870","697cba859657746d4f1eb64f","prolific","697cba859657746d4f1eb64f","6a06508679bbd857881fcea0","6a0651c94af7038dbbf5b31e","4","accent_credibility_four_speakers","","","","","","","","","F12","F12T","12","Audio item F12","T","true","filler","true","filler_talker","Filler Talker","filler","audio/filler_talker/7brghu4wnv_F12T_audio.webm?v=2026-05-12-native2-refresh","","","","","","","","","","","",""
"truth_judgment","5275","
    <div class=""study-box center-text truth-scale-trial"">
      <div class=""big-question"">How true do you think the statement you just heard is?</div>
    </div>
  ","2","html-slider-response","106","2.1.0","750148","697cba859657746d4f1eb64f","prolific","697cba859657746d4f1eb64f","6a06508679bbd857881fcea0","6a0651c94af7038dbbf5b31e","4","accent_credibility_four_speakers","","","","","","","","","F12","F12T","12","Audio item F12","T","true","filler","true","filler_talker","Filler Talker","filler","audio/filler_talker/7brghu4wnv_F12T_audio.webm?v=2026-05-12-native2-refresh","7","2","2","0","14","definitely false","definitely true","","","","",""
"speaker_difficulty_rating","3313","
    <div class=""study-box center-text truth-scale-trial"">
      <div class=""big-question"">How easy or difficult was this speaker to understand?</div>
    </div>
  ","0","html-slider-response","107","2.1.0","753464","697cba859657746d4f1eb64f","prolific","697cba859657746d4f1eb64f","6a06508679bbd857881fcea0","6a0651c94af7038dbbf5b31e","4","accent_credibility_four_speakers","","","","","","","","","F12","F12T","12","Audio item F12","T","true","filler","true","filler_talker","Filler Talker","filler","audio/filler_talker/7brghu4wnv_F12T_audio.webm?v=2026-05-12-native2-refresh","7","","","","","","","0","0","14","Very easy","Very difficult"
"audio_presentation","null","audio/native_1/ha77v84840_6T_audio.webm?v=2026-05-12-native2-refresh","null","audio-keyboard-response","108","2.1.1","759650","697cba859657746d4f1eb64f","prolific","697cba859657746d4f1eb64f","6a06508679bbd857881fcea0","6a0651c94af7038dbbf5b31e","4","accent_credibility_four_speakers","","","","","","","","","6","6T","6","Audio item 6","T","true","main","false","native_1","Native Speaker 1","native","audio/native_1/ha77v84840_6T_audio.webm?v=2026-05-12-native2-refresh","","","","","","","","","","","",""
"truth_judgment","6844","
    <div class=""study-box center-text truth-scale-trial"">
      <div class=""big-question"">How true do you think the statement you just heard is?</div>
    </div>
  ","9","html-slider-response","109","2.1.0","766497","697cba859657746d4f1eb64f","prolific","697cba859657746d4f1eb64f","6a06508679bbd857881fcea0","6a0651c94af7038dbbf5b31e","4","accent_credibility_four_speakers","","","","","","","","","6","6T","6","Audio item 6","T","true","main","false","native_1","Native Speaker 1","native","audio/native_1/ha77v84840_6T_audio.webm?v=2026-05-12-native2-refresh","7","9","9","0","14","definitely false","definitely true","","","","",""
"speaker_difficulty_rating","2933","
    <div class=""study-box center-text truth-scale-trial"">
      <div class=""big-question"">How easy or difficult was this speaker to understand?</div>
    </div>
  ","0","html-slider-response","110","2.1.0","769432","697cba859657746d4f1eb64f","prolific","697cba859657746d4f1eb64f","6a06508679bbd857881fcea0","6a0651c94af7038dbbf5b31e","4","accent_credibility_four_speakers","","","","","","","","","6","6T","6","Audio item 6","T","true","main","false","native_1","Native Speaker 1","native","audio/native_1/ha77v84840_6T_audio.webm?v=2026-05-12-native2-refresh","7","","","","","","","0","0","14","Very easy","Very difficult"
"audio_presentation","null","audio/non_native_2/2j7bwre4ol_41T_audio.webm?v=2026-05-12-native2-refresh","null","audio-keyboard-response","111","2.1.1","773511","697cba859657746d4f1eb64f","prolific","697cba859657746d4f1eb64f","6a06508679bbd857881fcea0","6a0651c94af7038dbbf5b31e","4","accent_credibility_four_speakers","","","","","","","","","41","41T","41","Audio item 41","T","true","main","false","non_native_2","Non-native Speaker 2","non_native","audio/non_native_2/2j7bwre4ol_41T_audio.webm?v=2026-05-12-native2-refresh","","","","","","","","","","","",""
"truth_judgment","6249","
    <div class=""study-box center-text truth-scale-trial"">
      <div class=""big-question"">How true do you think the statement you just heard is?</div>
    </div>
  ","7","html-slider-response","112","2.1.0","779763","697cba859657746d4f1eb64f","prolific","697cba859657746d4f1eb64f","6a06508679bbd857881fcea0","6a0651c94af7038dbbf5b31e","4","accent_credibility_four_speakers","","","","","","","","","41","41T","41","Audio item 41","T","true","main","false","non_native_2","Non-native Speaker 2","non_native","audio/non_native_2/2j7bwre4ol_41T_audio.webm?v=2026-05-12-native2-refresh","7","7","7","0","14","definitely false","definitely true","","","","",""
"speaker_difficulty_rating","2852","
    <div class=""study-box center-text truth-scale-trial"">
      <div class=""big-question"">How easy or difficult was this speaker to understand?</div>
    </div>
  ","5","html-slider-response","113","2.1.0","782617","697cba859657746d4f1eb64f","prolific","697cba859657746d4f1eb64f","6a06508679bbd857881fcea0","6a0651c94af7038dbbf5b31e","4","accent_credibility_four_speakers","","","","","","","","","41","41T","41","Audio item 41","T","true","main","false","non_native_2","Non-native Speaker 2","non_native","audio/non_native_2/2j7bwre4ol_41T_audio.webm?v=2026-05-12-native2-refresh","7","","","","","","","5","0","14","Very easy","Very difficult"
"audio_presentation","null","audio/native_1/ha77v84840_14F_audio.webm?v=2026-05-12-native2-refresh","null","audio-keyboard-response","114","2.1.1","789810","697cba859657746d4f1eb64f","prolific","697cba859657746d4f1eb64f","6a06508679bbd857881fcea0","6a0651c94af7038dbbf5b31e","4","accent_credibility_four_speakers","","","","","","","","","14","14F","14","Audio item 14","F","false","main","false","native_1","Native Speaker 1","native","audio/native_1/ha77v84840_14F_audio.webm?v=2026-05-12-native2-refresh","","","","","","","","","","","",""
"truth_judgment","6239","
    <div class=""study-box center-text truth-scale-trial"">
      <div class=""big-question"">How true do you think the statement you just heard is?</div>
    </div>
  ","2","html-slider-response","115","2.1.0","796052","697cba859657746d4f1eb64f","prolific","697cba859657746d4f1eb64f","6a06508679bbd857881fcea0","6a0651c94af7038dbbf5b31e","4","accent_credibility_four_speakers","","","","","","","","","14","14F","14","Audio item 14","F","false","main","false","native_1","Native Speaker 1","native","audio/native_1/ha77v84840_14F_audio.webm?v=2026-05-12-native2-refresh","7","2","2","0","14","definitely false","definitely true","","","","",""
"speaker_difficulty_rating","3422","
    <div class=""study-box center-text truth-scale-trial"">
      <div class=""big-question"">How easy or difficult was this speaker to understand?</div>
    </div>
  ","0","html-slider-response","116","2.1.0","799476","697cba859657746d4f1eb64f","prolific","697cba859657746d4f1eb64f","6a06508679bbd857881fcea0","6a0651c94af7038dbbf5b31e","4","accent_credibility_four_speakers","","","","","","","","","14","14F","14","Audio item 14","F","false","main","false","native_1","Native Speaker 1","native","audio/native_1/ha77v84840_14F_audio.webm?v=2026-05-12-native2-refresh","7","","","","","","","0","0","14","Very easy","Very difficult"
"audio_presentation","null","audio/non_native_1/6bqg3s4g4q_40F_audio.webm?v=2026-05-12-native2-refresh","null","audio-keyboard-response","117","2.1.1","802950","697cba859657746d4f1eb64f","prolific","697cba859657746d4f1eb64f","6a06508679bbd857881fcea0","6a0651c94af7038dbbf5b31e","4","accent_credibility_four_speakers","","","","","","","","","40","40F","40","Audio item 40","F","false","main","false","non_native_1","Non-native Speaker 1","non_native","audio/non_native_1/6bqg3s4g4q_40F_audio.webm?v=2026-05-12-native2-refresh","","","","","","","","","","","",""
"truth_judgment","3171","
    <div class=""study-box center-text truth-scale-trial"">
      <div class=""big-question"">How true do you think the statement you just heard is?</div>
    </div>
  ","7","html-slider-response","118","2.1.0","806125","697cba859657746d4f1eb64f","prolific","697cba859657746d4f1eb64f","6a06508679bbd857881fcea0","6a0651c94af7038dbbf5b31e","4","accent_credibility_four_speakers","","","","","","","","","40","40F","40","Audio item 40","F","false","main","false","non_native_1","Non-native Speaker 1","non_native","audio/non_native_1/6bqg3s4g4q_40F_audio.webm?v=2026-05-12-native2-refresh","7","7","7","0","14","definitely false","definitely true","","","","",""
"speaker_difficulty_rating","3465","
    <div class=""study-box center-text truth-scale-trial"">
      <div class=""big-question"">How easy or difficult was this speaker to understand?</div>
    </div>
  ","1","html-slider-response","119","2.1.0","809592","697cba859657746d4f1eb64f","prolific","697cba859657746d4f1eb64f","6a06508679bbd857881fcea0","6a0651c94af7038dbbf5b31e","4","accent_credibility_four_speakers","","","","","","","","","40","40F","40","Audio item 40","F","false","main","false","non_native_1","Non-native Speaker 1","non_native","audio/non_native_1/6bqg3s4g4q_40F_audio.webm?v=2026-05-12-native2-refresh","7","","","","","","","1","0","14","Very easy","Very difficult"
"audio_presentation","null","audio/filler_talker/7brghu4wnv_F11T_audio.webm?v=2026-05-12-native2-refresh","null","audio-keyboard-response","120","2.1.1","814751","697cba859657746d4f1eb64f","prolific","697cba859657746d4f1eb64f","6a06508679bbd857881fcea0","6a0651c94af7038dbbf5b31e","4","accent_credibility_four_speakers","","","","","","","","","F11","F11T","11","Audio item F11","T","true","filler","true","filler_talker","Filler Talker","filler","audio/filler_talker/7brghu4wnv_F11T_audio.webm?v=2026-05-12-native2-refresh","","","","","","","","","","","",""
"truth_judgment","9549","
    <div class=""study-box center-text truth-scale-trial"">
      <div class=""big-question"">How true do you think the statement you just heard is?</div>
    </div>
  ","5","html-slider-response","121","2.1.0","824304","697cba859657746d4f1eb64f","prolific","697cba859657746d4f1eb64f","6a06508679bbd857881fcea0","6a0651c94af7038dbbf5b31e","4","accent_credibility_four_speakers","","","","","","","","","F11","F11T","11","Audio item F11","T","true","filler","true","filler_talker","Filler Talker","filler","audio/filler_talker/7brghu4wnv_F11T_audio.webm?v=2026-05-12-native2-refresh","7","5","5","0","14","definitely false","definitely true","","","","",""
"speaker_difficulty_rating","4070","
    <div class=""study-box center-text truth-scale-trial"">
      <div class=""big-question"">How easy or difficult was this speaker to understand?</div>
    </div>
  ","0","html-slider-response","122","2.1.0","828376","697cba859657746d4f1eb64f","prolific","697cba859657746d4f1eb64f","6a06508679bbd857881fcea0","6a0651c94af7038dbbf5b31e","4","accent_credibility_four_speakers","","","","","","","","","F11","F11T","11","Audio item F11","T","true","filler","true","filler_talker","Filler Talker","filler","audio/filler_talker/7brghu4wnv_F11T_audio.webm?v=2026-05-12-native2-refresh","7","","","","","","","0","0","14","Very easy","Very difficult"
"audio_presentation","null","audio/filler_talker/7brghu4wnv_F14T_audio.webm?v=2026-05-12-native2-refresh","null","audio-keyboard-response","123","2.1.1","833050","697cba859657746d4f1eb64f","prolific","697cba859657746d4f1eb64f","6a06508679bbd857881fcea0","6a0651c94af7038dbbf5b31e","4","accent_credibility_four_speakers","","","","","","","","","F14","F14T","14","Audio item F14","T","true","filler","true","filler_talker","Filler Talker","filler","audio/filler_talker/7brghu4wnv_F14T_audio.webm?v=2026-05-12-native2-refresh","","","","","","","","","","","",""
"truth_judgment","6494","
    <div class=""study-box center-text truth-scale-trial"">
      <div class=""big-question"">How true do you think the statement you just heard is?</div>
    </div>
  ","8","html-slider-response","124","2.1.0","839547","697cba859657746d4f1eb64f","prolific","697cba859657746d4f1eb64f","6a06508679bbd857881fcea0","6a0651c94af7038dbbf5b31e","4","accent_credibility_four_speakers","","","","","","","","","F14","F14T","14","Audio item F14","T","true","filler","true","filler_talker","Filler Talker","filler","audio/filler_talker/7brghu4wnv_F14T_audio.webm?v=2026-05-12-native2-refresh","7","8","8","0","14","definitely false","definitely true","","","","",""
"speaker_difficulty_rating","3231","
    <div class=""study-box center-text truth-scale-trial"">
      <div class=""big-question"">How easy or difficult was this speaker to understand?</div>
    </div>
  ","0","html-slider-response","125","2.1.0","842780","697cba859657746d4f1eb64f","prolific","697cba859657746d4f1eb64f","6a06508679bbd857881fcea0","6a0651c94af7038dbbf5b31e","4","accent_credibility_four_speakers","","","","","","","","","F14","F14T","14","Audio item F14","T","true","filler","true","filler_talker","Filler Talker","filler","audio/filler_talker/7brghu4wnv_F14T_audio.webm?v=2026-05-12-native2-refresh","7","","","","","","","0","0","14","Very easy","Very difficult"
"audio_presentation","null","audio/non_native_1/6bqg3s4g4q_36T_audio.webm?v=2026-05-12-native2-refresh","null","audio-keyboard-response","126","2.1.1","847170","697cba859657746d4f1eb64f","prolific","697cba859657746d4f1eb64f","6a06508679bbd857881fcea0","6a0651c94af7038dbbf5b31e","4","accent_credibility_four_speakers","","","","","","","","","36","36T","36","Audio item 36","T","true","main","false","non_native_1","Non-native Speaker 1","non_native","audio/non_native_1/6bqg3s4g4q_36T_audio.webm?v=2026-05-12-native2-refresh","","","","","","","","","","","",""
"truth_judgment","5110","
    <div class=""study-box center-text truth-scale-trial"">
      <div class=""big-question"">How true do you think the statement you just heard is?</div>
    </div>
  ","7","html-slider-response","127","2.1.0","852284","697cba859657746d4f1eb64f","prolific","697cba859657746d4f1eb64f","6a06508679bbd857881fcea0","6a0651c94af7038dbbf5b31e","4","accent_credibility_four_speakers","","","","","","","","","36","36T","36","Audio item 36","T","true","main","false","non_native_1","Non-native Speaker 1","non_native","audio/non_native_1/6bqg3s4g4q_36T_audio.webm?v=2026-05-12-native2-refresh","7","7","7","0","14","definitely false","definitely true","","","","",""
"speaker_difficulty_rating","3968","
    <div class=""study-box center-text truth-scale-trial"">
      <div class=""big-question"">How easy or difficult was this speaker to understand?</div>
    </div>
  ","6","html-slider-response","128","2.1.0","856254","697cba859657746d4f1eb64f","prolific","697cba859657746d4f1eb64f","6a06508679bbd857881fcea0","6a0651c94af7038dbbf5b31e","4","accent_credibility_four_speakers","","","","","","","","","36","36T","36","Audio item 36","T","true","main","false","non_native_1","Non-native Speaker 1","non_native","audio/non_native_1/6bqg3s4g4q_36T_audio.webm?v=2026-05-12-native2-refresh","7","","","","","","","6","0","14","Very easy","Very difficult"
"audio_presentation","null","audio/filler_talker/7brghu4wnv_F2F_audio.webm?v=2026-05-12-native2-refresh","null","audio-keyboard-response","129","2.1.1","862071","697cba859657746d4f1eb64f","prolific","697cba859657746d4f1eb64f","6a06508679bbd857881fcea0","6a0651c94af7038dbbf5b31e","4","accent_credibility_four_speakers","","","","","","","","","F2","F2F","2","Audio item F2","F","false","filler","true","filler_talker","Filler Talker","filler","audio/filler_talker/7brghu4wnv_F2F_audio.webm?v=2026-05-12-native2-refresh","","","","","","","","","","","",""
"truth_judgment","15612","
    <div class=""study-box center-text truth-scale-trial"">
      <div class=""big-question"">How true do you think the statement you just heard is?</div>
    </div>
  ","14","html-slider-response","130","2.1.0","877685","697cba859657746d4f1eb64f","prolific","697cba859657746d4f1eb64f","6a06508679bbd857881fcea0","6a0651c94af7038dbbf5b31e","4","accent_credibility_four_speakers","","","","","","","","","F2","F2F","2","Audio item F2","F","false","filler","true","filler_talker","Filler Talker","filler","audio/filler_talker/7brghu4wnv_F2F_audio.webm?v=2026-05-12-native2-refresh","7","14","14","0","14","definitely false","definitely true","","","","",""
"speaker_difficulty_rating","3661","
    <div class=""study-box center-text truth-scale-trial"">
      <div class=""big-question"">How easy or difficult was this speaker to understand?</div>
    </div>
  ","0","html-slider-response","131","2.1.0","881348","697cba859657746d4f1eb64f","prolific","697cba859657746d4f1eb64f","6a06508679bbd857881fcea0","6a0651c94af7038dbbf5b31e","4","accent_credibility_four_speakers","","","","","","","","","F2","F2F","2","Audio item F2","F","false","filler","true","filler_talker","Filler Talker","filler","audio/filler_talker/7brghu4wnv_F2F_audio.webm?v=2026-05-12-native2-refresh","7","","","","","","","0","0","14","Very easy","Very difficult"
"audio_presentation","null","audio/non_native_1/6bqg3s4g4q_48F_audio.webm?v=2026-05-12-native2-refresh","null","audio-keyboard-response","132","2.1.1","887111","697cba859657746d4f1eb64f","prolific","697cba859657746d4f1eb64f","6a06508679bbd857881fcea0","6a0651c94af7038dbbf5b31e","4","accent_credibility_four_speakers","","","","","","","","","48","48F","48","Audio item 48","F","false","main","false","non_native_1","Non-native Speaker 1","non_native","audio/non_native_1/6bqg3s4g4q_48F_audio.webm?v=2026-05-12-native2-refresh","","","","","","","","","","","",""
"truth_judgment","9543","
    <div class=""study-box center-text truth-scale-trial"">
      <div class=""big-question"">How true do you think the statement you just heard is?</div>
    </div>
  ","7","html-slider-response","133","2.1.0","896657","697cba859657746d4f1eb64f","prolific","697cba859657746d4f1eb64f","6a06508679bbd857881fcea0","6a0651c94af7038dbbf5b31e","4","accent_credibility_four_speakers","","","","","","","","","48","48F","48","Audio item 48","F","false","main","false","non_native_1","Non-native Speaker 1","non_native","audio/non_native_1/6bqg3s4g4q_48F_audio.webm?v=2026-05-12-native2-refresh","7","7","7","0","14","definitely false","definitely true","","","","",""
"speaker_difficulty_rating","3660","
    <div class=""study-box center-text truth-scale-trial"">
      <div class=""big-question"">How easy or difficult was this speaker to understand?</div>
    </div>
  ","1","html-slider-response","134","2.1.0","900320","697cba859657746d4f1eb64f","prolific","697cba859657746d4f1eb64f","6a06508679bbd857881fcea0","6a0651c94af7038dbbf5b31e","4","accent_credibility_four_speakers","","","","","","","","","48","48F","48","Audio item 48","F","false","main","false","non_native_1","Non-native Speaker 1","non_native","audio/non_native_1/6bqg3s4g4q_48F_audio.webm?v=2026-05-12-native2-refresh","7","","","","","","","1","0","14","Very easy","Very difficult"
"audio_presentation","null","audio/native_1/ha77v84840_38T_audio.webm?v=2026-05-12-native2-refresh","null","audio-keyboard-response","135","2.1.1","904342","697cba859657746d4f1eb64f","prolific","697cba859657746d4f1eb64f","6a06508679bbd857881fcea0","6a0651c94af7038dbbf5b31e","4","accent_credibility_four_speakers","","","","","","","","","38","38T","38","Audio item 38","T","true","main","false","native_1","Native Speaker 1","native","audio/native_1/ha77v84840_38T_audio.webm?v=2026-05-12-native2-refresh","","","","","","","","","","","",""
"truth_judgment","4477","
    <div class=""study-box center-text truth-scale-trial"">
      <div class=""big-question"">How true do you think the statement you just heard is?</div>
    </div>
  ","8","html-slider-response","136","2.1.0","908824","697cba859657746d4f1eb64f","prolific","697cba859657746d4f1eb64f","6a06508679bbd857881fcea0","6a0651c94af7038dbbf5b31e","4","accent_credibility_four_speakers","","","","","","","","","38","38T","38","Audio item 38","T","true","main","false","native_1","Native Speaker 1","native","audio/native_1/ha77v84840_38T_audio.webm?v=2026-05-12-native2-refresh","7","8","8","0","14","definitely false","definitely true","","","","",""
"speaker_difficulty_rating","3038","
    <div class=""study-box center-text truth-scale-trial"">
      <div class=""big-question"">How easy or difficult was this speaker to understand?</div>
    </div>
  ","0","html-slider-response","137","2.1.0","911863","697cba859657746d4f1eb64f","prolific","697cba859657746d4f1eb64f","6a06508679bbd857881fcea0","6a0651c94af7038dbbf5b31e","4","accent_credibility_four_speakers","","","","","","","","","38","38T","38","Audio item 38","T","true","main","false","native_1","Native Speaker 1","native","audio/native_1/ha77v84840_38T_audio.webm?v=2026-05-12-native2-refresh","7","","","","","","","0","0","14","Very easy","Very difficult"
"audio_presentation","null","audio/filler_talker/7brghu4wnv_F8F_audio.webm?v=2026-05-12-native2-refresh","null","audio-keyboard-response","138","2.1.1","917691","697cba859657746d4f1eb64f","prolific","697cba859657746d4f1eb64f","6a06508679bbd857881fcea0","6a0651c94af7038dbbf5b31e","4","accent_credibility_four_speakers","","","","","","","","","F8","F8F","8","Audio item F8","F","false","filler","true","filler_talker","Filler Talker","filler","audio/filler_talker/7brghu4wnv_F8F_audio.webm?v=2026-05-12-native2-refresh","","","","","","","","","","","",""
"truth_judgment","5327","
    <div class=""study-box center-text truth-scale-trial"">
      <div class=""big-question"">How true do you think the statement you just heard is?</div>
    </div>
  ","3","html-slider-response","139","2.1.0","923022","697cba859657746d4f1eb64f","prolific","697cba859657746d4f1eb64f","6a06508679bbd857881fcea0","6a0651c94af7038dbbf5b31e","4","accent_credibility_four_speakers","","","","","","","","","F8","F8F","8","Audio item F8","F","false","filler","true","filler_talker","Filler Talker","filler","audio/filler_talker/7brghu4wnv_F8F_audio.webm?v=2026-05-12-native2-refresh","7","3","3","0","14","definitely false","definitely true","","","","",""
"speaker_difficulty_rating","3278","
    <div class=""study-box center-text truth-scale-trial"">
      <div class=""big-question"">How easy or difficult was this speaker to understand?</div>
    </div>
  ","0","html-slider-response","140","2.1.0","926302","697cba859657746d4f1eb64f","prolific","697cba859657746d4f1eb64f","6a06508679bbd857881fcea0","6a0651c94af7038dbbf5b31e","4","accent_credibility_four_speakers","","","","","","","","","F8","F8F","8","Audio item F8","F","false","filler","true","filler_talker","Filler Talker","filler","audio/filler_talker/7brghu4wnv_F8F_audio.webm?v=2026-05-12-native2-refresh","7","","","","","","","0","0","14","Very easy","Very difficult"
"audio_presentation","null","audio/filler_talker/7brghu4wnv_F9F_audio.webm?v=2026-05-12-native2-refresh","null","audio-keyboard-response","141","2.1.1","930142","697cba859657746d4f1eb64f","prolific","697cba859657746d4f1eb64f","6a06508679bbd857881fcea0","6a0651c94af7038dbbf5b31e","4","accent_credibility_four_speakers","","","","","","","","","F9","F9F","9","Audio item F9","F","false","filler","true","filler_talker","Filler Talker","filler","audio/filler_talker/7brghu4wnv_F9F_audio.webm?v=2026-05-12-native2-refresh","","","","","","","","","","","",""
"truth_judgment","5097","
    <div class=""study-box center-text truth-scale-trial"">
      <div class=""big-question"">How true do you think the statement you just heard is?</div>
    </div>
  ","9","html-slider-response","142","2.1.0","935241","697cba859657746d4f1eb64f","prolific","697cba859657746d4f1eb64f","6a06508679bbd857881fcea0","6a0651c94af7038dbbf5b31e","4","accent_credibility_four_speakers","","","","","","","","","F9","F9F","9","Audio item F9","F","false","filler","true","filler_talker","Filler Talker","filler","audio/filler_talker/7brghu4wnv_F9F_audio.webm?v=2026-05-12-native2-refresh","7","9","9","0","14","definitely false","definitely true","","","","",""
"speaker_difficulty_rating","3302","
    <div class=""study-box center-text truth-scale-trial"">
      <div class=""big-question"">How easy or difficult was this speaker to understand?</div>
    </div>
  ","0","html-slider-response","143","2.1.0","938545","697cba859657746d4f1eb64f","prolific","697cba859657746d4f1eb64f","6a06508679bbd857881fcea0","6a0651c94af7038dbbf5b31e","4","accent_credibility_four_speakers","","","","","","","","","F9","F9F","9","Audio item F9","F","false","filler","true","filler_talker","Filler Talker","filler","audio/filler_talker/7brghu4wnv_F9F_audio.webm?v=2026-05-12-native2-refresh","7","","","","","","","0","0","14","Very easy","Very difficult"
"audio_presentation","null","audio/filler_talker/7brghu4wnv_F3F_audio.webm?v=2026-05-12-native2-refresh","null","audio-keyboard-response","144","2.1.1","942570","697cba859657746d4f1eb64f","prolific","697cba859657746d4f1eb64f","6a06508679bbd857881fcea0","6a0651c94af7038dbbf5b31e","4","accent_credibility_four_speakers","","","","","","","","","F3","F3F","3","Audio item F3","F","false","filler","true","filler_talker","Filler Talker","filler","audio/filler_talker/7brghu4wnv_F3F_audio.webm?v=2026-05-12-native2-refresh","","","","","","","","","","","",""
"truth_judgment","7838","
    <div class=""study-box center-text truth-scale-trial"">
      <div class=""big-question"">How true do you think the statement you just heard is?</div>
    </div>
  ","0","html-slider-response","145","2.1.0","950410","697cba859657746d4f1eb64f","prolific","697cba859657746d4f1eb64f","6a06508679bbd857881fcea0","6a0651c94af7038dbbf5b31e","4","accent_credibility_four_speakers","","","","","","","","","F3","F3F","3","Audio item F3","F","false","filler","true","filler_talker","Filler Talker","filler","audio/filler_talker/7brghu4wnv_F3F_audio.webm?v=2026-05-12-native2-refresh","7","0","0","0","14","definitely false","definitely true","","","","",""
"speaker_difficulty_rating","6175","
    <div class=""study-box center-text truth-scale-trial"">
      <div class=""big-question"">How easy or difficult was this speaker to understand?</div>
    </div>
  ","1","html-slider-response","146","2.1.0","956588","697cba859657746d4f1eb64f","prolific","697cba859657746d4f1eb64f","6a06508679bbd857881fcea0","6a0651c94af7038dbbf5b31e","4","accent_credibility_four_speakers","","","","","","","","","F3","F3F","3","Audio item F3","F","false","filler","true","filler_talker","Filler Talker","filler","audio/filler_talker/7brghu4wnv_F3F_audio.webm?v=2026-05-12-native2-refresh","7","","","","","","","1","0","14","Very easy","Very difficult"
"audio_presentation","null","audio/filler_talker/7brghu4wnv_F1F_audio.webm?v=2026-05-12-native2-refresh","null","audio-keyboard-response","147","2.1.1","961212","697cba859657746d4f1eb64f","prolific","697cba859657746d4f1eb64f","6a06508679bbd857881fcea0","6a0651c94af7038dbbf5b31e","4","accent_credibility_four_speakers","","","","","","","","","F1","F1F","1","Audio item F1","F","false","filler","true","filler_talker","Filler Talker","filler","audio/filler_talker/7brghu4wnv_F1F_audio.webm?v=2026-05-12-native2-refresh","","","","","","","","","","","",""
"truth_judgment","7075","
    <div class=""study-box center-text truth-scale-trial"">
      <div class=""big-question"">How true do you think the statement you just heard is?</div>
    </div>
  ","9","html-slider-response","148","2.1.0","968291","697cba859657746d4f1eb64f","prolific","697cba859657746d4f1eb64f","6a06508679bbd857881fcea0","6a0651c94af7038dbbf5b31e","4","accent_credibility_four_speakers","","","","","","","","","F1","F1F","1","Audio item F1","F","false","filler","true","filler_talker","Filler Talker","filler","audio/filler_talker/7brghu4wnv_F1F_audio.webm?v=2026-05-12-native2-refresh","7","9","9","0","14","definitely false","definitely true","","","","",""
"speaker_difficulty_rating","3903","
    <div class=""study-box center-text truth-scale-trial"">
      <div class=""big-question"">How easy or difficult was this speaker to understand?</div>
    </div>
  ","0","html-slider-response","149","2.1.0","972197","697cba859657746d4f1eb64f","prolific","697cba859657746d4f1eb64f","6a06508679bbd857881fcea0","6a0651c94af7038dbbf5b31e","4","accent_credibility_four_speakers","","","","","","","","","F1","F1F","1","Audio item F1","F","false","filler","true","filler_talker","Filler Talker","filler","audio/filler_talker/7brghu4wnv_F1F_audio.webm?v=2026-05-12-native2-refresh","7","","","","","","","0","0","14","Very easy","Very difficult"
"audio_presentation","null","audio/filler_talker/7brghu4wnv_F5T_audio.webm?v=2026-05-12-native2-refresh","null","audio-keyboard-response","150","2.1.1","976342","697cba859657746d4f1eb64f","prolific","697cba859657746d4f1eb64f","6a06508679bbd857881fcea0","6a0651c94af7038dbbf5b31e","4","accent_credibility_four_speakers","","","","","","","","","F5","F5T","5","Audio item F5","T","true","filler","true","filler_talker","Filler Talker","filler","audio/filler_talker/7brghu4wnv_F5T_audio.webm?v=2026-05-12-native2-refresh","","","","","","","","","","","",""
"truth_judgment","11889","
    <div class=""study-box center-text truth-scale-trial"">
      <div class=""big-question"">How true do you think the statement you just heard is?</div>
    </div>
  ","10","html-slider-response","151","2.1.0","988236","697cba859657746d4f1eb64f","prolific","697cba859657746d4f1eb64f","6a06508679bbd857881fcea0","6a0651c94af7038dbbf5b31e","4","accent_credibility_four_speakers","","","","","","","","","F5","F5T","5","Audio item F5","T","true","filler","true","filler_talker","Filler Talker","filler","audio/filler_talker/7brghu4wnv_F5T_audio.webm?v=2026-05-12-native2-refresh","7","10","10","0","14","definitely false","definitely true","","","","",""
"speaker_difficulty_rating","3047","
    <div class=""study-box center-text truth-scale-trial"">
      <div class=""big-question"">How easy or difficult was this speaker to understand?</div>
    </div>
  ","0","html-slider-response","152","2.1.0","991285","697cba859657746d4f1eb64f","prolific","697cba859657746d4f1eb64f","6a06508679bbd857881fcea0","6a0651c94af7038dbbf5b31e","4","accent_credibility_four_speakers","","","","","","","","","F5","F5T","5","Audio item F5","T","true","filler","true","filler_talker","Filler Talker","filler","audio/filler_talker/7brghu4wnv_F5T_audio.webm?v=2026-05-12-native2-refresh","7","","","","","","","0","0","14","Very easy","Very difficult"
"audio_presentation","null","audio/non_native_2/2j7bwre4ol_1T_audio.webm?v=2026-05-12-native2-refresh","null","audio-keyboard-response","153","2.1.1","998423","697cba859657746d4f1eb64f","prolific","697cba859657746d4f1eb64f","6a06508679bbd857881fcea0","6a0651c94af7038dbbf5b31e","4","accent_credibility_four_speakers","","","","","","","","","1","1T","1","Audio item 1","T","true","main","false","non_native_2","Non-native Speaker 2","non_native","audio/non_native_2/2j7bwre4ol_1T_audio.webm?v=2026-05-12-native2-refresh","","","","","","","","","","","",""
"truth_judgment","7295","
    <div class=""study-box center-text truth-scale-trial"">
      <div class=""big-question"">How true do you think the statement you just heard is?</div>
    </div>
  ","5","html-slider-response","154","2.1.0","1005721","697cba859657746d4f1eb64f","prolific","697cba859657746d4f1eb64f","6a06508679bbd857881fcea0","6a0651c94af7038dbbf5b31e","4","accent_credibility_four_speakers","","","","","","","","","1","1T","1","Audio item 1","T","true","main","false","non_native_2","Non-native Speaker 2","non_native","audio/non_native_2/2j7bwre4ol_1T_audio.webm?v=2026-05-12-native2-refresh","7","5","5","0","14","definitely false","definitely true","","","","",""
"speaker_difficulty_rating","3393","
    <div class=""study-box center-text truth-scale-trial"">
      <div class=""big-question"">How easy or difficult was this speaker to understand?</div>
    </div>
  ","2","html-slider-response","155","2.1.0","1009117","697cba859657746d4f1eb64f","prolific","697cba859657746d4f1eb64f","6a06508679bbd857881fcea0","6a0651c94af7038dbbf5b31e","4","accent_credibility_four_speakers","","","","","","","","","1","1T","1","Audio item 1","T","true","main","false","non_native_2","Non-native Speaker 2","non_native","audio/non_native_2/2j7bwre4ol_1T_audio.webm?v=2026-05-12-native2-refresh","7","","","","","","","2","0","14","Very easy","Very difficult"
"audio_presentation","null","audio/filler_talker/7brghu4wnv_F15T_audio.webm?v=2026-05-12-native2-refresh","null","audio-keyboard-response","156","2.1.1","1016551","697cba859657746d4f1eb64f","prolific","697cba859657746d4f1eb64f","6a06508679bbd857881fcea0","6a0651c94af7038dbbf5b31e","4","accent_credibility_four_speakers","","","","","","","","","F15","F15T","15","Audio item F15","T","true","filler","true","filler_talker","Filler Talker","filler","audio/filler_talker/7brghu4wnv_F15T_audio.webm?v=2026-05-12-native2-refresh","","","","","","","","","","","",""
"truth_judgment","7090","
    <div class=""study-box center-text truth-scale-trial"">
      <div class=""big-question"">How true do you think the statement you just heard is?</div>
    </div>
  ","6","html-slider-response","157","2.1.0","1023643","697cba859657746d4f1eb64f","prolific","697cba859657746d4f1eb64f","6a06508679bbd857881fcea0","6a0651c94af7038dbbf5b31e","4","accent_credibility_four_speakers","","","","","","","","","F15","F15T","15","Audio item F15","T","true","filler","true","filler_talker","Filler Talker","filler","audio/filler_talker/7brghu4wnv_F15T_audio.webm?v=2026-05-12-native2-refresh","7","6","6","0","14","definitely false","definitely true","","","","",""
"speaker_difficulty_rating","2963","
    <div class=""study-box center-text truth-scale-trial"">
      <div class=""big-question"">How easy or difficult was this speaker to understand?</div>
    </div>
  ","0","html-slider-response","158","2.1.0","1026608","697cba859657746d4f1eb64f","prolific","697cba859657746d4f1eb64f","6a06508679bbd857881fcea0","6a0651c94af7038dbbf5b31e","4","accent_credibility_four_speakers","","","","","","","","","F15","F15T","15","Audio item F15","T","true","filler","true","filler_talker","Filler Talker","filler","audio/filler_talker/7brghu4wnv_F15T_audio.webm?v=2026-05-12-native2-refresh","7","","","","","","","0","0","14","Very easy","Very difficult"
"audio_presentation","null","audio/non_native_2/2j7bwre4ol_25F_audio.webm?v=2026-05-12-native2-refresh","null","audio-keyboard-response","159","2.1.1","1029782","697cba859657746d4f1eb64f","prolific","697cba859657746d4f1eb64f","6a06508679bbd857881fcea0","6a0651c94af7038dbbf5b31e","4","accent_credibility_four_speakers","","","","","","","","","25","25F","25","Audio item 25","F","false","main","false","non_native_2","Non-native Speaker 2","non_native","audio/non_native_2/2j7bwre4ol_25F_audio.webm?v=2026-05-12-native2-refresh","","","","","","","","","","","",""
"truth_judgment","5917","
    <div class=""study-box center-text truth-scale-trial"">
      <div class=""big-question"">How true do you think the statement you just heard is?</div>
    </div>
  ","7","html-slider-response","160","2.1.0","1035703","697cba859657746d4f1eb64f","prolific","697cba859657746d4f1eb64f","6a06508679bbd857881fcea0","6a0651c94af7038dbbf5b31e","4","accent_credibility_four_speakers","","","","","","","","","25","25F","25","Audio item 25","F","false","main","false","non_native_2","Non-native Speaker 2","non_native","audio/non_native_2/2j7bwre4ol_25F_audio.webm?v=2026-05-12-native2-refresh","7","7","7","0","14","definitely false","definitely true","","","","",""
"speaker_difficulty_rating","3907","
    <div class=""study-box center-text truth-scale-trial"">
      <div class=""big-question"">How easy or difficult was this speaker to understand?</div>
    </div>
  ","3","html-slider-response","161","2.1.0","1039612","697cba859657746d4f1eb64f","prolific","697cba859657746d4f1eb64f","6a06508679bbd857881fcea0","6a0651c94af7038dbbf5b31e","4","accent_credibility_four_speakers","","","","","","","","","25","25F","25","Audio item 25","F","false","main","false","non_native_2","Non-native Speaker 2","non_native","audio/non_native_2/2j7bwre4ol_25F_audio.webm?v=2026-05-12-native2-refresh","7","","","","","","","3","0","14","Very easy","Very difficult"
"audio_presentation","null","audio/native_2/6nhu1nbwba_11F_audio.webm?v=2026-05-12-native2-refresh","null","audio-keyboard-response","162","2.1.1","1045793","697cba859657746d4f1eb64f","prolific","697cba859657746d4f1eb64f","6a06508679bbd857881fcea0","6a0651c94af7038dbbf5b31e","4","accent_credibility_four_speakers","","","","","","","","","11","11F","11","Audio item 11","F","false","main","false","native_2","Native Speaker 2","native","audio/native_2/6nhu1nbwba_11F_audio.webm?v=2026-05-12-native2-refresh","","","","","","","","","","","",""
"truth_judgment","5190","
    <div class=""study-box center-text truth-scale-trial"">
      <div class=""big-question"">How true do you think the statement you just heard is?</div>
    </div>
  ","12","html-slider-response","163","2.1.0","1050986","697cba859657746d4f1eb64f","prolific","697cba859657746d4f1eb64f","6a06508679bbd857881fcea0","6a0651c94af7038dbbf5b31e","4","accent_credibility_four_speakers","","","","","","","","","11","11F","11","Audio item 11","F","false","main","false","native_2","Native Speaker 2","native","audio/native_2/6nhu1nbwba_11F_audio.webm?v=2026-05-12-native2-refresh","7","12","12","0","14","definitely false","definitely true","","","","",""
"speaker_difficulty_rating","2964","
    <div class=""study-box center-text truth-scale-trial"">
      <div class=""big-question"">How easy or difficult was this speaker to understand?</div>
    </div>
  ","0","html-slider-response","164","2.1.0","1053952","697cba859657746d4f1eb64f","prolific","697cba859657746d4f1eb64f","6a06508679bbd857881fcea0","6a0651c94af7038dbbf5b31e","4","accent_credibility_four_speakers","","","","","","","","","11","11F","11","Audio item 11","F","false","main","false","native_2","Native Speaker 2","native","audio/native_2/6nhu1nbwba_11F_audio.webm?v=2026-05-12-native2-refresh","7","","","","","","","0","0","14","Very easy","Very difficult"
"audio_presentation","null","audio/native_2/6nhu1nbwba_31F_audio.webm?v=2026-05-12-native2-refresh","null","audio-keyboard-response","165","2.1.1","1058222","697cba859657746d4f1eb64f","prolific","697cba859657746d4f1eb64f","6a06508679bbd857881fcea0","6a0651c94af7038dbbf5b31e","4","accent_credibility_four_speakers","","","","","","","","","31","31F","31","Audio item 31","F","false","main","false","native_2","Native Speaker 2","native","audio/native_2/6nhu1nbwba_31F_audio.webm?v=2026-05-12-native2-refresh","","","","","","","","","","","",""
"truth_judgment","4555","
    <div class=""study-box center-text truth-scale-trial"">
      <div class=""big-question"">How true do you think the statement you just heard is?</div>
    </div>
  ","7","html-slider-response","166","2.1.0","1062781","697cba859657746d4f1eb64f","prolific","697cba859657746d4f1eb64f","6a06508679bbd857881fcea0","6a0651c94af7038dbbf5b31e","4","accent_credibility_four_speakers","","","","","","","","","31","31F","31","Audio item 31","F","false","main","false","native_2","Native Speaker 2","native","audio/native_2/6nhu1nbwba_31F_audio.webm?v=2026-05-12-native2-refresh","7","7","7","0","14","definitely false","definitely true","","","","",""
"speaker_difficulty_rating","3281","
    <div class=""study-box center-text truth-scale-trial"">
      <div class=""big-question"">How easy or difficult was this speaker to understand?</div>
    </div>
  ","0","html-slider-response","167","2.1.0","1066064","697cba859657746d4f1eb64f","prolific","697cba859657746d4f1eb64f","6a06508679bbd857881fcea0","6a0651c94af7038dbbf5b31e","4","accent_credibility_four_speakers","","","","","","","","","31","31F","31","Audio item 31","F","false","main","false","native_2","Native Speaker 2","native","audio/native_2/6nhu1nbwba_31F_audio.webm?v=2026-05-12-native2-refresh","7","","","","","","","0","0","14","Very easy","Very difficult"
"audio_presentation","null","audio/non_native_2/2j7bwre4ol_21T_audio.webm?v=2026-05-12-native2-refresh","null","audio-keyboard-response","168","2.1.1","1071293","697cba859657746d4f1eb64f","prolific","697cba859657746d4f1eb64f","6a06508679bbd857881fcea0","6a0651c94af7038dbbf5b31e","4","accent_credibility_four_speakers","","","","","","","","","21","21T","21","Audio item 21","T","true","main","false","non_native_2","Non-native Speaker 2","non_native","audio/non_native_2/2j7bwre4ol_21T_audio.webm?v=2026-05-12-native2-refresh","","","","","","","","","","","",""
"truth_judgment","4526","
    <div class=""study-box center-text truth-scale-trial"">
      <div class=""big-question"">How true do you think the statement you just heard is?</div>
    </div>
  ","9","html-slider-response","169","2.1.0","1075823","697cba859657746d4f1eb64f","prolific","697cba859657746d4f1eb64f","6a06508679bbd857881fcea0","6a0651c94af7038dbbf5b31e","4","accent_credibility_four_speakers","","","","","","","","","21","21T","21","Audio item 21","T","true","main","false","non_native_2","Non-native Speaker 2","non_native","audio/non_native_2/2j7bwre4ol_21T_audio.webm?v=2026-05-12-native2-refresh","7","9","9","0","14","definitely false","definitely true","","","","",""
"speaker_difficulty_rating","4060","
    <div class=""study-box center-text truth-scale-trial"">
      <div class=""big-question"">How easy or difficult was this speaker to understand?</div>
    </div>
  ","1","html-slider-response","170","2.1.0","1079886","697cba859657746d4f1eb64f","prolific","697cba859657746d4f1eb64f","6a06508679bbd857881fcea0","6a0651c94af7038dbbf5b31e","4","accent_credibility_four_speakers","","","","","","","","","21","21T","21","Audio item 21","T","true","main","false","non_native_2","Non-native Speaker 2","non_native","audio/non_native_2/2j7bwre4ol_21T_audio.webm?v=2026-05-12-native2-refresh","7","","","","","","","1","0","14","Very easy","Very difficult"
"audio_presentation","null","audio/native_2/6nhu1nbwba_27T_audio.webm?v=2026-05-12-native2-refresh","null","audio-keyboard-response","171","2.1.1","1083002","697cba859657746d4f1eb64f","prolific","697cba859657746d4f1eb64f","6a06508679bbd857881fcea0","6a0651c94af7038dbbf5b31e","4","accent_credibility_four_speakers","","","","","","","","","27","27T","27","Audio item 27","T","true","main","false","native_2","Native Speaker 2","native","audio/native_2/6nhu1nbwba_27T_audio.webm?v=2026-05-12-native2-refresh","","","","","","","","","","","",""
"truth_judgment","6854","
    <div class=""study-box center-text truth-scale-trial"">
      <div class=""big-question"">How true do you think the statement you just heard is?</div>
    </div>
  ","10","html-slider-response","172","2.1.0","1089860","697cba859657746d4f1eb64f","prolific","697cba859657746d4f1eb64f","6a06508679bbd857881fcea0","6a0651c94af7038dbbf5b31e","4","accent_credibility_four_speakers","","","","","","","","","27","27T","27","Audio item 27","T","true","main","false","native_2","Native Speaker 2","native","audio/native_2/6nhu1nbwba_27T_audio.webm?v=2026-05-12-native2-refresh","7","10","10","0","14","definitely false","definitely true","","","","",""
"speaker_difficulty_rating","2985","
    <div class=""study-box center-text truth-scale-trial"">
      <div class=""big-question"">How easy or difficult was this speaker to understand?</div>
    </div>
  ","0","html-slider-response","173","2.1.0","1092848","697cba859657746d4f1eb64f","prolific","697cba859657746d4f1eb64f","6a06508679bbd857881fcea0","6a0651c94af7038dbbf5b31e","4","accent_credibility_four_speakers","","","","","","","","","27","27T","27","Audio item 27","T","true","main","false","native_2","Native Speaker 2","native","audio/native_2/6nhu1nbwba_27T_audio.webm?v=2026-05-12-native2-refresh","7","","","","","","","0","0","14","Very easy","Very difficult"
"audio_presentation","null","audio/native_2/6nhu1nbwba_7F_audio.webm?v=2026-05-12-native2-refresh","null","audio-keyboard-response","174","2.1.1","1096622","697cba859657746d4f1eb64f","prolific","697cba859657746d4f1eb64f","6a06508679bbd857881fcea0","6a0651c94af7038dbbf5b31e","4","accent_credibility_four_speakers","","","","","","","","","7","7F","7","Audio item 7","F","false","main","false","native_2","Native Speaker 2","native","audio/native_2/6nhu1nbwba_7F_audio.webm?v=2026-05-12-native2-refresh","","","","","","","","","","","",""
"truth_judgment","3712","
    <div class=""study-box center-text truth-scale-trial"">
      <div class=""big-question"">How true do you think the statement you just heard is?</div>
    </div>
  ","7","html-slider-response","175","2.1.0","1100336","697cba859657746d4f1eb64f","prolific","697cba859657746d4f1eb64f","6a06508679bbd857881fcea0","6a0651c94af7038dbbf5b31e","4","accent_credibility_four_speakers","","","","","","","","","7","7F","7","Audio item 7","F","false","main","false","native_2","Native Speaker 2","native","audio/native_2/6nhu1nbwba_7F_audio.webm?v=2026-05-12-native2-refresh","7","7","7","0","14","definitely false","definitely true","","","","",""
"speaker_difficulty_rating","2944","
    <div class=""study-box center-text truth-scale-trial"">
      <div class=""big-question"">How easy or difficult was this speaker to understand?</div>
    </div>
  ","0","html-slider-response","176","2.1.0","1103282","697cba859657746d4f1eb64f","prolific","697cba859657746d4f1eb64f","6a06508679bbd857881fcea0","6a0651c94af7038dbbf5b31e","4","accent_credibility_four_speakers","","","","","","","","","7","7F","7","Audio item 7","F","false","main","false","native_2","Native Speaker 2","native","audio/native_2/6nhu1nbwba_7F_audio.webm?v=2026-05-12-native2-refresh","7","","","","","","","0","0","14","Very easy","Very difficult"
"audio_presentation","null","audio/filler_talker/7brghu4wnv_F4F_audio.webm?v=2026-05-12-native2-refresh","null","audio-keyboard-response","177","2.1.1","1107244","697cba859657746d4f1eb64f","prolific","697cba859657746d4f1eb64f","6a06508679bbd857881fcea0","6a0651c94af7038dbbf5b31e","4","accent_credibility_four_speakers","","","","","","","","","F4","F4F","4","Audio item F4","F","false","filler","true","filler_talker","Filler Talker","filler","audio/filler_talker/7brghu4wnv_F4F_audio.webm?v=2026-05-12-native2-refresh","","","","","","","","","","","",""
"truth_judgment","5825","
    <div class=""study-box center-text truth-scale-trial"">
      <div class=""big-question"">How true do you think the statement you just heard is?</div>
    </div>
  ","14","html-slider-response","178","2.1.0","1113072","697cba859657746d4f1eb64f","prolific","697cba859657746d4f1eb64f","6a06508679bbd857881fcea0","6a0651c94af7038dbbf5b31e","4","accent_credibility_four_speakers","","","","","","","","","F4","F4F","4","Audio item F4","F","false","filler","true","filler_talker","Filler Talker","filler","audio/filler_talker/7brghu4wnv_F4F_audio.webm?v=2026-05-12-native2-refresh","7","14","14","0","14","definitely false","definitely true","","","","",""
"speaker_difficulty_rating","3149","
    <div class=""study-box center-text truth-scale-trial"">
      <div class=""big-question"">How easy or difficult was this speaker to understand?</div>
    </div>
  ","0","html-slider-response","179","2.1.0","1116224","697cba859657746d4f1eb64f","prolific","697cba859657746d4f1eb64f","6a06508679bbd857881fcea0","6a0651c94af7038dbbf5b31e","4","accent_credibility_four_speakers","","","","","","","","","F4","F4F","4","Audio item F4","F","false","filler","true","filler_talker","Filler Talker","filler","audio/filler_talker/7brghu4wnv_F4F_audio.webm?v=2026-05-12-native2-refresh","7","","","","","","","0","0","14","Very easy","Very difficult"
"audio_presentation","null","audio/filler_talker/7brghu4wnv_F13T_audio.webm?v=2026-05-12-native2-refresh","null","audio-keyboard-response","180","2.1.1","1119654","697cba859657746d4f1eb64f","prolific","697cba859657746d4f1eb64f","6a06508679bbd857881fcea0","6a0651c94af7038dbbf5b31e","4","accent_credibility_four_speakers","","","","","","","","","F13","F13T","13","Audio item F13","T","true","filler","true","filler_talker","Filler Talker","filler","audio/filler_talker/7brghu4wnv_F13T_audio.webm?v=2026-05-12-native2-refresh","","","","","","","","","","","",""
"truth_judgment","4309","
    <div class=""study-box center-text truth-scale-trial"">
      <div class=""big-question"">How true do you think the statement you just heard is?</div>
    </div>
  ","9","html-slider-response","181","2.1.0","1123967","697cba859657746d4f1eb64f","prolific","697cba859657746d4f1eb64f","6a06508679bbd857881fcea0","6a0651c94af7038dbbf5b31e","4","accent_credibility_four_speakers","","","","","","","","","F13","F13T","13","Audio item F13","T","true","filler","true","filler_talker","Filler Talker","filler","audio/filler_talker/7brghu4wnv_F13T_audio.webm?v=2026-05-12-native2-refresh","7","9","9","0","14","definitely false","definitely true","","","","",""
"speaker_difficulty_rating","2780","
    <div class=""study-box center-text truth-scale-trial"">
      <div class=""big-question"">How easy or difficult was this speaker to understand?</div>
    </div>
  ","0","html-slider-response","182","2.1.0","1126750","697cba859657746d4f1eb64f","prolific","697cba859657746d4f1eb64f","6a06508679bbd857881fcea0","6a0651c94af7038dbbf5b31e","4","accent_credibility_four_speakers","","","","","","","","","F13","F13T","13","Audio item F13","T","true","filler","true","filler_talker","Filler Talker","filler","audio/filler_talker/7brghu4wnv_F13T_audio.webm?v=2026-05-12-native2-refresh","7","","","","","","","0","0","14","Very easy","Very difficult"
"audio_presentation","null","audio/non_native_2/2j7bwre4ol_17T_audio.webm?v=2026-05-12-native2-refresh","null","audio-keyboard-response","183","2.1.1","1130293","697cba859657746d4f1eb64f","prolific","697cba859657746d4f1eb64f","6a06508679bbd857881fcea0","6a0651c94af7038dbbf5b31e","4","accent_credibility_four_speakers","","","","","","","","","17","17T","17","Audio item 17","T","true","main","false","non_native_2","Non-native Speaker 2","non_native","audio/non_native_2/2j7bwre4ol_17T_audio.webm?v=2026-05-12-native2-refresh","","","","","","","","","","","",""
"truth_judgment","3586","
    <div class=""study-box center-text truth-scale-trial"">
      <div class=""big-question"">How true do you think the statement you just heard is?</div>
    </div>
  ","7","html-slider-response","184","2.1.0","1133882","697cba859657746d4f1eb64f","prolific","697cba859657746d4f1eb64f","6a06508679bbd857881fcea0","6a0651c94af7038dbbf5b31e","4","accent_credibility_four_speakers","","","","","","","","","17","17T","17","Audio item 17","T","true","main","false","non_native_2","Non-native Speaker 2","non_native","audio/non_native_2/2j7bwre4ol_17T_audio.webm?v=2026-05-12-native2-refresh","7","7","7","0","14","definitely false","definitely true","","","","",""
"speaker_difficulty_rating","2810","
    <div class=""study-box center-text truth-scale-trial"">
      <div class=""big-question"">How easy or difficult was this speaker to understand?</div>
    </div>
  ","3","html-slider-response","185","2.1.0","1136694","697cba859657746d4f1eb64f","prolific","697cba859657746d4f1eb64f","6a06508679bbd857881fcea0","6a0651c94af7038dbbf5b31e","4","accent_credibility_four_speakers","","","","","","","","","17","17T","17","Audio item 17","T","true","main","false","non_native_2","Non-native Speaker 2","non_native","audio/non_native_2/2j7bwre4ol_17T_audio.webm?v=2026-05-12-native2-refresh","7","","","","","","","3","0","14","Very easy","Very difficult"
"audio_presentation","null","audio/native_2/6nhu1nbwba_43F_audio.webm?v=2026-05-12-native2-refresh","null","audio-keyboard-response","186","2.1.1","1141194","697cba859657746d4f1eb64f","prolific","697cba859657746d4f1eb64f","6a06508679bbd857881fcea0","6a0651c94af7038dbbf5b31e","4","accent_credibility_four_speakers","","","","","","","","","43","43F","43","Audio item 43","F","false","main","false","native_2","Native Speaker 2","native","audio/native_2/6nhu1nbwba_43F_audio.webm?v=2026-05-12-native2-refresh","","","","","","","","","","","",""
"truth_judgment","4809","
    <div class=""study-box center-text truth-scale-trial"">
      <div class=""big-question"">How true do you think the statement you just heard is?</div>
    </div>
  ","6","html-slider-response","187","2.1.0","1146006","697cba859657746d4f1eb64f","prolific","697cba859657746d4f1eb64f","6a06508679bbd857881fcea0","6a0651c94af7038dbbf5b31e","4","accent_credibility_four_speakers","","","","","","","","","43","43F","43","Audio item 43","F","false","main","false","native_2","Native Speaker 2","native","audio/native_2/6nhu1nbwba_43F_audio.webm?v=2026-05-12-native2-refresh","7","6","6","0","14","definitely false","definitely true","","","","",""
"speaker_difficulty_rating","3280","
    <div class=""study-box center-text truth-scale-trial"">
      <div class=""big-question"">How easy or difficult was this speaker to understand?</div>
    </div>
  ","0","html-slider-response","188","2.1.0","1149288","697cba859657746d4f1eb64f","prolific","697cba859657746d4f1eb64f","6a06508679bbd857881fcea0","6a0651c94af7038dbbf5b31e","4","accent_credibility_four_speakers","","","","","","","","","43","43F","43","Audio item 43","F","false","main","false","native_2","Native Speaker 2","native","audio/native_2/6nhu1nbwba_43F_audio.webm?v=2026-05-12-native2-refresh","7","","","","","","","0","0","14","Very easy","Very difficult"
"audio_presentation","null","audio/non_native_1/6bqg3s4g4q_20F_audio.webm?v=2026-05-12-native2-refresh","null","audio-keyboard-response","189","2.1.1","1153783","697cba859657746d4f1eb64f","prolific","697cba859657746d4f1eb64f","6a06508679bbd857881fcea0","6a0651c94af7038dbbf5b31e","4","accent_credibility_four_speakers","","","","","","","","","20","20F","20","Audio item 20","F","false","main","false","non_native_1","Non-native Speaker 1","non_native","audio/non_native_1/6bqg3s4g4q_20F_audio.webm?v=2026-05-12-native2-refresh","","","","","","","","","","","",""
"truth_judgment","3419","
    <div class=""study-box center-text truth-scale-trial"">
      <div class=""big-question"">How true do you think the statement you just heard is?</div>
    </div>
  ","7","html-slider-response","190","2.1.0","1157205","697cba859657746d4f1eb64f","prolific","697cba859657746d4f1eb64f","6a06508679bbd857881fcea0","6a0651c94af7038dbbf5b31e","4","accent_credibility_four_speakers","","","","","","","","","20","20F","20","Audio item 20","F","false","main","false","non_native_1","Non-native Speaker 1","non_native","audio/non_native_1/6bqg3s4g4q_20F_audio.webm?v=2026-05-12-native2-refresh","7","7","7","0","14","definitely false","definitely true","","","","",""
"speaker_difficulty_rating","3681","
    <div class=""study-box center-text truth-scale-trial"">
      <div class=""big-question"">How easy or difficult was this speaker to understand?</div>
    </div>
  ","9","html-slider-response","191","2.1.0","1160888","697cba859657746d4f1eb64f","prolific","697cba859657746d4f1eb64f","6a06508679bbd857881fcea0","6a0651c94af7038dbbf5b31e","4","accent_credibility_four_speakers","","","","","","","","","20","20F","20","Audio item 20","F","false","main","false","non_native_1","Non-native Speaker 1","non_native","audio/non_native_1/6bqg3s4g4q_20F_audio.webm?v=2026-05-12-native2-refresh","7","","","","","","","9","0","14","Very easy","Very difficult"
"audio_presentation","null","audio/native_2/6nhu1nbwba_3F_audio.webm?v=2026-05-12-native2-refresh","null","audio-keyboard-response","192","2.1.1","1165803","697cba859657746d4f1eb64f","prolific","697cba859657746d4f1eb64f","6a06508679bbd857881fcea0","6a0651c94af7038dbbf5b31e","4","accent_credibility_four_speakers","","","","","","","","","3","3F","3","Audio item 3","F","false","main","false","native_2","Native Speaker 2","native","audio/native_2/6nhu1nbwba_3F_audio.webm?v=2026-05-12-native2-refresh","","","","","","","","","","","",""
"truth_judgment","4165","
    <div class=""study-box center-text truth-scale-trial"">
      <div class=""big-question"">How true do you think the statement you just heard is?</div>
    </div>
  ","12","html-slider-response","193","2.1.0","1169972","697cba859657746d4f1eb64f","prolific","697cba859657746d4f1eb64f","6a06508679bbd857881fcea0","6a0651c94af7038dbbf5b31e","4","accent_credibility_four_speakers","","","","","","","","","3","3F","3","Audio item 3","F","false","main","false","native_2","Native Speaker 2","native","audio/native_2/6nhu1nbwba_3F_audio.webm?v=2026-05-12-native2-refresh","7","12","12","0","14","definitely false","definitely true","","","","",""
"speaker_difficulty_rating","2678","
    <div class=""study-box center-text truth-scale-trial"">
      <div class=""big-question"">How easy or difficult was this speaker to understand?</div>
    </div>
  ","0","html-slider-response","194","2.1.0","1172652","697cba859657746d4f1eb64f","prolific","697cba859657746d4f1eb64f","6a06508679bbd857881fcea0","6a0651c94af7038dbbf5b31e","4","accent_credibility_four_speakers","","","","","","","","","3","3F","3","Audio item 3","F","false","main","false","native_2","Native Speaker 2","native","audio/native_2/6nhu1nbwba_3F_audio.webm?v=2026-05-12-native2-refresh","7","","","","","","","0","0","14","Very easy","Very difficult"
"audio_presentation","null","audio/non_native_2/2j7bwre4ol_13F_audio.webm?v=2026-05-12-native2-refresh","null","audio-keyboard-response","195","2.1.1","1178594","697cba859657746d4f1eb64f","prolific","697cba859657746d4f1eb64f","6a06508679bbd857881fcea0","6a0651c94af7038dbbf5b31e","4","accent_credibility_four_speakers","","","","","","","","","13","13F","13","Audio item 13","F","false","main","false","non_native_2","Non-native Speaker 2","non_native","audio/non_native_2/2j7bwre4ol_13F_audio.webm?v=2026-05-12-native2-refresh","","","","","","","","","","","",""
"truth_judgment","4305","
    <div class=""study-box center-text truth-scale-trial"">
      <div class=""big-question"">How true do you think the statement you just heard is?</div>
    </div>
  ","2","html-slider-response","196","2.1.0","1182902","697cba859657746d4f1eb64f","prolific","697cba859657746d4f1eb64f","6a06508679bbd857881fcea0","6a0651c94af7038dbbf5b31e","4","accent_credibility_four_speakers","","","","","","","","","13","13F","13","Audio item 13","F","false","main","false","non_native_2","Non-native Speaker 2","non_native","audio/non_native_2/2j7bwre4ol_13F_audio.webm?v=2026-05-12-native2-refresh","7","2","2","0","14","definitely false","definitely true","","","","",""
"speaker_difficulty_rating","2770","
    <div class=""study-box center-text truth-scale-trial"">
      <div class=""big-question"">How easy or difficult was this speaker to understand?</div>
    </div>
  ","3","html-slider-response","197","2.1.0","1185674","697cba859657746d4f1eb64f","prolific","697cba859657746d4f1eb64f","6a06508679bbd857881fcea0","6a0651c94af7038dbbf5b31e","4","accent_credibility_four_speakers","","","","","","","","","13","13F","13","Audio item 13","F","false","main","false","non_native_2","Non-native Speaker 2","non_native","audio/non_native_2/2j7bwre4ol_13F_audio.webm?v=2026-05-12-native2-refresh","7","","","","","","","3","0","14","Very easy","Very difficult"
"audio_presentation","null","audio/non_native_1/6bqg3s4g4q_28F_audio.webm?v=2026-05-12-native2-refresh","null","audio-keyboard-response","198","2.1.1","1189703","697cba859657746d4f1eb64f","prolific","697cba859657746d4f1eb64f","6a06508679bbd857881fcea0","6a0651c94af7038dbbf5b31e","4","accent_credibility_four_speakers","","","","","","","","","28","28F","28","Audio item 28","F","false","main","false","non_native_1","Non-native Speaker 1","non_native","audio/non_native_1/6bqg3s4g4q_28F_audio.webm?v=2026-05-12-native2-refresh","","","","","","","","","","","",""
"truth_judgment","4583","
    <div class=""study-box center-text truth-scale-trial"">
      <div class=""big-question"">How true do you think the statement you just heard is?</div>
    </div>
  ","7","html-slider-response","199","2.1.0","1194288","697cba859657746d4f1eb64f","prolific","697cba859657746d4f1eb64f","6a06508679bbd857881fcea0","6a0651c94af7038dbbf5b31e","4","accent_credibility_four_speakers","","","","","","","","","28","28F","28","Audio item 28","F","false","main","false","non_native_1","Non-native Speaker 1","non_native","audio/non_native_1/6bqg3s4g4q_28F_audio.webm?v=2026-05-12-native2-refresh","7","7","7","0","14","definitely false","definitely true","","","","",""
"speaker_difficulty_rating","4815","
    <div class=""study-box center-text truth-scale-trial"">
      <div class=""big-question"">How easy or difficult was this speaker to understand?</div>
    </div>
  ","1","html-slider-response","200","2.1.0","1199106","697cba859657746d4f1eb64f","prolific","697cba859657746d4f1eb64f","6a06508679bbd857881fcea0","6a0651c94af7038dbbf5b31e","4","accent_credibility_four_speakers","","","","","","","","","28","28F","28","Audio item 28","F","false","main","false","non_native_1","Non-native Speaker 1","non_native","audio/non_native_1/6bqg3s4g4q_28F_audio.webm?v=2026-05-12-native2-refresh","7","","","","","","","1","0","14","Very easy","Very difficult"
"audio_presentation","null","audio/non_native_2/2j7bwre4ol_29F_audio.webm?v=2026-05-12-native2-refresh","null","audio-keyboard-response","201","2.1.1","1204694","697cba859657746d4f1eb64f","prolific","697cba859657746d4f1eb64f","6a06508679bbd857881fcea0","6a0651c94af7038dbbf5b31e","4","accent_credibility_four_speakers","","","","","","","","","29","29F","29","Audio item 29","F","false","main","false","non_native_2","Non-native Speaker 2","non_native","audio/non_native_2/2j7bwre4ol_29F_audio.webm?v=2026-05-12-native2-refresh","","","","","","","","","","","",""
"truth_judgment","4689","
    <div class=""study-box center-text truth-scale-trial"">
      <div class=""big-question"">How true do you think the statement you just heard is?</div>
    </div>
  ","9","html-slider-response","202","2.1.0","1209386","697cba859657746d4f1eb64f","prolific","697cba859657746d4f1eb64f","6a06508679bbd857881fcea0","6a0651c94af7038dbbf5b31e","4","accent_credibility_four_speakers","","","","","","","","","29","29F","29","Audio item 29","F","false","main","false","non_native_2","Non-native Speaker 2","non_native","audio/non_native_2/2j7bwre4ol_29F_audio.webm?v=2026-05-12-native2-refresh","7","9","9","0","14","definitely false","definitely true","","","","",""
"speaker_difficulty_rating","2976","
    <div class=""study-box center-text truth-scale-trial"">
      <div class=""big-question"">How easy or difficult was this speaker to understand?</div>
    </div>
  ","3","html-slider-response","203","2.1.0","1212364","697cba859657746d4f1eb64f","prolific","697cba859657746d4f1eb64f","6a06508679bbd857881fcea0","6a0651c94af7038dbbf5b31e","4","accent_credibility_four_speakers","","","","","","","","","29","29F","29","Audio item 29","F","false","main","false","non_native_2","Non-native Speaker 2","non_native","audio/non_native_2/2j7bwre4ol_29F_audio.webm?v=2026-05-12-native2-refresh","7","","","","","","","3","0","14","Very easy","Very difficult"
"audio_presentation","null","audio/non_native_2/2j7bwre4ol_37T_audio.webm?v=2026-05-12-native2-refresh","null","audio-keyboard-response","204","2.1.1","1215964","697cba859657746d4f1eb64f","prolific","697cba859657746d4f1eb64f","6a06508679bbd857881fcea0","6a0651c94af7038dbbf5b31e","4","accent_credibility_four_speakers","","","","","","","","","37","37T","37","Audio item 37","T","true","main","false","non_native_2","Non-native Speaker 2","non_native","audio/non_native_2/2j7bwre4ol_37T_audio.webm?v=2026-05-12-native2-refresh","","","","","","","","","","","",""
"truth_judgment","12824","
    <div class=""study-box center-text truth-scale-trial"">
      <div class=""big-question"">How true do you think the statement you just heard is?</div>
    </div>
  ","4","html-slider-response","205","2.1.0","1228792","697cba859657746d4f1eb64f","prolific","697cba859657746d4f1eb64f","6a06508679bbd857881fcea0","6a0651c94af7038dbbf5b31e","4","accent_credibility_four_speakers","","","","","","","","","37","37T","37","Audio item 37","T","true","main","false","non_native_2","Non-native Speaker 2","non_native","audio/non_native_2/2j7bwre4ol_37T_audio.webm?v=2026-05-12-native2-refresh","7","4","4","0","14","definitely false","definitely true","","","","",""
"speaker_difficulty_rating","4366","
    <div class=""study-box center-text truth-scale-trial"">
      <div class=""big-question"">How easy or difficult was this speaker to understand?</div>
    </div>
  ","0","html-slider-response","206","2.1.0","1233160","697cba859657746d4f1eb64f","prolific","697cba859657746d4f1eb64f","6a06508679bbd857881fcea0","6a0651c94af7038dbbf5b31e","4","accent_credibility_four_speakers","","","","","","","","","37","37T","37","Audio item 37","T","true","main","false","non_native_2","Non-native Speaker 2","non_native","audio/non_native_2/2j7bwre4ol_37T_audio.webm?v=2026-05-12-native2-refresh","7","","","","","","","0","0","14","Very easy","Very difficult"
"final_screen","13952","
        <div class=""study-box center-text"">
          <h2>End of Study</h2>
          <p>Thank you for participating.</p>
          <p>Click the button below to finish the study.</p>
        </div>
      ","0","html-button-response","207","2.1.0","1247120","697cba859657746d4f1eb64f","prolific","697cba859657746d4f1eb64f","6a06508679bbd857881fcea0","6a0651c94af7038dbbf5b31e","4","accent_credibility_four_speakers","","","","","","","","","","","","","","","","","","","","","","","","","","","","","","","",""
